strategy,2021_return,2021_max_drawdown,2021_trades,2022_return,2022_max_drawdown,2022_trades,2023_return,2023_max_drawdown,2023_trades,2024_return,2024_max_drawdown,2024_trades,2025_return,2025_max_drawdown,2025_trades,min_year_return,worst_year_drawdown,pass_year_count
ma_stop_40_120_s0.12_w0.25,-0.03271203779619969,-0.06850970131162608,5,-0.0029246847678000565,-0.08301722237247015,6,0.21072467961570052,-0.0806406596814562,11,-0.008305535373899886,-0.06247699008252707,2,-0.021024339407799908,-0.061101542844160014,4,-0.03271203779619969,-0.08301722237247015,1
ma_40_120_w0.33,-0.03658439121009982,-0.08299555233695431,3,-0.01233435980340003,-0.11248200071747601,3,0.23603180558820003,-0.13847808818542445,1,-0.0068063149318000615,-0.07485419790151895,1,-0.034025640597499685,-0.08697444029342627,2,-0.03658439121009982,-0.13847808818542445,1
ma_stop_40_120_s0.08_w0.33,-0.03766511413829987,-0.08455769409776917,5,-0.025493072664999894,-0.10456879522866916,8,0.2508632095401502,-0.11469061626529752,22,-0.0021136527513001546,-0.07048304977379231,3,-0.017928611997899968,-0.09011729198084471,4,-0.03766511413829987,-0.11469061626529752,1
ma_stop_40_120_s0.12_w0.33,-0.04281260601979997,-0.08953345617388242,5,-0.005715696331400011,-0.11012935202918805,6,0.2750350772679002,-0.10459880160427712,11,-0.012341554717999803,-0.08001019509400978,2,-0.028539094754600036,-0.08200653564842593,4,-0.04281260601979997,-0.11012935202918805,1
ma_stop_20_120_s0.12_w0.33,-0.04166337596449976,-0.06021737510469975,5,-0.04905435070749986,-0.12945998985286647,7,0.21052260541680012,-0.13354997796088885,11,-0.004281261646899792,-0.08340087552918227,2,-0.04169297223200008,-0.06008844367244546,4,-0.04905435070749986,-0.13354997796088885,1
ma_stop_10_120_s0.12_w0.25,-0.049861129378499625,-0.060176812493636364,5,0.048014355160600486,-0.07750819821269238,7,0.2070402496338004,-0.0806406596814562,11,-0.026876433549999912,-0.05933491078698135,2,-0.03275094738770001,-0.039999602625491584,3,-0.049861129378499625,-0.0806406596814562,1
ma_40_120_w0.50,-0.058860476241599846,-0.12688785498338995,3,-0.022334913614200147,-0.168874979821791,3,0.36100930437,-0.1863350085850481,1,-0.010673719017499916,-0.11319405614029605,1,-0.05208766538624987,-0.12977948930830638,2,-0.058860476241599846,-0.1863350085850481,1
ma_stop_40_120_s0.08_w0.50,-0.05914742475719981,-0.1278362159109266,5,-0.043111841516349614,-0.1562660791209154,8,0.3669794635742014,-0.1687413125027225,22,-0.002127037908749796,-0.10553303696673667,3,-0.03036182803874954,-0.13377289735330838,4,-0.05914742475719981,-0.1687413125027225,1
ma_stop_10_120_s0.08_w0.33,-0.05918677808959982,-0.07708732917604781,5,0.030622914341200014,-0.1067155286931327,8,0.24554125512185032,-0.11469061626529752,22,-0.030576762149999825,-0.07084334448466952,5,-0.031709434822899674,-0.057305315770286434,5,-0.05918677808959982,-0.11469061626529752,1
ma_10_120_w0.33,-0.05979452943319974,-0.07548902904777689,3,0.09936850329899993,-0.09216648923887108,4,0.22907312748194997,-0.13847808818542445,1,-0.029747355242100038,-0.07141540203427343,1,-0.04470248004089972,-0.05533510393487903,3,-0.05979452943319974,-0.13847808818542445,1
ma_stop_40_120_s0.20_w0.50,-0.06034929925665,-0.1288100778935452,4,-0.01384453080945025,-0.16770183839446778,4,0.2845897212600004,-0.1863919838184258,5,-0.010673719017499916,-0.11319405614029605,1,-0.05208766538624987,-0.12977948930830638,2,-0.06034929925665,-0.1863919838184258,1
ma_stop_40_60_s0.12_w0.25,-0.03853348701599957,-0.09157853508771892,7,-0.02365165050579987,-0.08493235474409097,6,0.20802875523870035,-0.0806406596814562,11,-0.04969467359049984,-0.060673187724310525,4,-0.06102176355349975,-0.06543013577669975,7,-0.06102176355349975,-0.09157853508771892,1
price_ma_120_w0.33,-0.062168761475399625,-0.07756323984044769,5,-0.004757054165599683,-0.11424077189085326,9,0.20717470217535028,-0.13847808818542445,4,-0.05376990121559999,-0.07309594238062515,3,-0.025605930677199962,-0.0737489773307351,6,-0.062168761475399625,-0.13847808818542445,1
ma_stop_10_120_s0.12_w0.33,-0.06530260433769985,-0.07866095225140943,5,0.06118021690860043,-0.09951591320922608,7,0.26971312284960036,-0.10459880160427712,11,-0.03489436361499987,-0.07634136923106272,2,-0.04470248004089972,-0.05533510393487903,3,-0.06530260433769985,-0.10459880160427712,1
ma_stop_40_60_s0.08_w0.33,-0.05585788431369976,-0.12515543308772845,7,-0.06504285633259965,-0.11953034165107125,9,0.2469690965511504,-0.11469061626529752,22,-0.038065886275699845,-0.07135553818302613,6,-0.06562367636089972,-0.07781153054379777,7,-0.06562367636089972,-0.12515543308772845,1
ma_stop_40_120_s0.12_w0.50,-0.06678371523719984,-0.13492305514603706,5,-0.010010019565849904,-0.1638812642278115,6,0.412832112249101,-0.1563658766478465,11,-0.017905697981249857,-0.11967661104074064,2,-0.043612102754999826,-0.12218091113585268,4,-0.06678371523719984,-0.1638812642278115,1
ma_stop_20_120_s0.12_w0.50,-0.06370178049974962,-0.09130142074099945,5,-0.07683279928105013,-0.19168146540307657,7,0.3036697214116011,-0.1984402892824855,11,-0.006893321606249669,-0.11850680626655336,2,-0.06613467178499977,-0.09441227332357925,4,-0.07683279928105013,-0.1984402892824855,1
ma_stop_40_60_s0.12_w0.33,-0.050872777612899545,-0.12128416265924927,7,-0.031824669403199946,-0.11227129177068321,6,0.27114096427890044,-0.10459880160427712,11,-0.06496623500889998,-0.08285556051209378,4,-0.07922594021309981,-0.08474890549209987,7,-0.07922594021309981,-0.12128416265924927,1
ma_40_60_w0.33,-0.0531964543379998,-0.1235190802442057,4,-0.020076107425499923,-0.10427180307128614,3,0.23094008990070014,-0.13847808818542445,1,-0.04588727353419997,-0.07768208667476814,2,-0.08401413842790006,-0.08953710370690009,5,-0.08401413842790006,-0.13847808818542445,1
ma_stop_10_120_s0.08_w0.50,-0.0893024078821496,-0.11470525656303572,5,0.042713816990450404,-0.15984637361990042,8,0.35838344944295164,-0.1687413125027225,22,-0.04858767905100003,-0.10553109932332262,5,-0.04759455021749981,-0.08709896541230558,5,-0.0893024078821496,-0.1687413125027225,1
price_ma_120_w0.50,-0.0937471158927996,-0.116185287051344,5,-0.013952333306299747,-0.16914635835313074,9,0.31580320677749985,-0.1863350085850481,4,-0.08344642475624975,-0.1113100325199999,3,-0.039662746694999806,-0.110565766430256,6,-0.0937471158927996,-0.1863350085850481,1
breakout_120_10_s0.08_w1.00,0.0,0.0,0,-0.17799162585749972,-0.2905400746595313,2,0.2304866491200006,-0.17245023435879858,3,-0.027352353307499966,-0.09127074272304783,1,0.0,0.0,0,-0.17799162585749972,-0.2905400746595313,1
breakout_120_20_s0.08_w1.00,0.0,0.0,0,-0.17799162585749972,-0.2905400746595313,2,0.2304866491200006,-0.17245023435879858,3,-0.027352353307499966,-0.09127074272304783,1,0.0,0.0,0,-0.17799162585749972,-0.2905400746595313,1
breakout_120_60_s0.08_w1.00,0.0,0.0,0,-0.17799162585749972,-0.2905400746595313,2,0.2304866491200006,-0.17245023435879858,3,-0.027352353307499966,-0.09127074272304783,1,0.0,0.0,0,-0.17799162585749972,-0.2905400746595313,1
breakout_60_10_s0.08_w1.00,-0.10912476100499979,-0.11687504997484954,1,-0.22149155047499958,-0.2917056004434612,3,0.2304866491200006,-0.17245023435879858,3,0.035840945643750066,-0.09235797385056753,2,-0.010069829639999917,-0.05003339010437811,1,-0.22149155047499958,-0.2917056004434612,1
breakout_60_20_s0.08_w1.00,-0.10912476100499979,-0.11687504997484954,1,-0.22149155047499958,-0.2917056004434612,3,0.2304866491200006,-0.17245023435879858,3,0.035840945643750066,-0.09235797385056753,2,-0.050943327727499876,-0.08648474961575744,1,-0.22149155047499958,-0.2917056004434612,1
ma_40_120_w0.25,-0.02903579418149982,-0.06507323797478971,3,-0.007338511572299811,-0.08423361736746802,3,0.1804824311147999,-0.11334001985688383,1,-0.0053585331607000075,-0.059690968294864574,1,-0.025005469771499866,-0.06469007318419229,2,-0.02903579418149982,-0.11334001985688383,0
ma_stop_40_120_s0.20_w0.33,-0.03790354516460004,-0.08478817062609487,4,-0.008434696971100109,-0.11177931730289692,4,0.18452697926740025,-0.13349135989366054,5,-0.0068063149318000615,-0.07485419790151895,1,-0.034025640597499685,-0.08697444029342627,2,-0.03790354516460004,-0.13349135989366054,0
ma_10_120_w0.25,-0.04633886149179978,-0.05802736751114738,3,0.07620050685460034,-0.07131376938783343,4,0.17516047669650003,-0.11334001985688383,1,-0.022894119417000036,-0.05548542649912439,1,-0.03275094738770001,-0.039999602625491584,3,-0.04633886149179978,-0.11334001985688383,0
ma_20_120_w0.33,-0.037680398726899766,-0.05623439786709976,3,-0.029227691643199938,-0.10968049128781852,3,0.15167904903195017,-0.1697953518315875,1,0.00021866621950006326,-0.07925851104044525,1,-0.04780438420199973,-0.06525283856764466,3,-0.04780438420199973,-0.1697953518315875,0
ma_stop_10_120_s0.20_w0.33,-0.05979452943319974,-0.07548902904777689,3,0.0848175364996,-0.09378150354658697,5,0.18002378706730027,-0.13349135989366054,5,-0.029747355242100038,-0.07141540203427343,1,-0.04470248004089972,-0.05533510393487903,3,-0.05979452943319974,-0.13349135989366054,0
ma_40_60_w0.25,-0.04127342317429983,-0.09424060484154004,4,-0.014001745958699852,-0.07902278765033934,3,0.1765883181257999,-0.11334001985688383,1,-0.03444399961,-0.061378677448014105,2,-0.06395730286139978,-0.06836567508459979,5,-0.06395730286139978,-0.11334001985688383,0
buy_hold_w0.33,-0.04977966726399985,-0.13732663863212338,1,0.054594312175400006,-0.1385895592265528,1,0.1465030799631999,-0.1942369644016794,1,-0.06422003086759998,-0.16158051691531866,1,-0.03322178918599994,-0.0910877980254979,1,-0.06422003086759998,-0.1942369644016794,0
ma_60_250_w0.33,0.0,0.0,0,0.02608866531849996,-0.031997511026608035,1,0.1465030799631999,-0.1942369644016794,1,-0.06603080367720005,-0.1015400308676,2,-0.018276447574000043,-0.08496783659565975,1,-0.06603080367720005,-0.1942369644016794,0
ma_20_180_w0.33,-0.027694019438200046,-0.04838311944665316,1,0.14302946861940025,-0.09169952232353547,2,0.1465030799631999,-0.1942369644016794,1,-0.03513486224680007,-0.071785538137936,2,-0.06892226727749995,-0.11656437016390003,2,-0.06892226727749995,-0.1942369644016794,0
ma_40_180_w0.33,-0.07083379808019996,-0.07930762741216903,1,-0.008342920567499856,-0.09609682237620908,2,0.1465030799631999,-0.1942369644016794,1,-0.07285926940559995,-0.07285926940559992,2,-0.021122145527499914,-0.08496783659565975,1,-0.07285926940559995,-0.1942369644016794,0
ma_20_120_w0.50,-0.057981085734899684,-0.0855807259761497,3,-0.046534432456249775,-0.16520966508941393,3,0.23199920610750002,-0.22624926466177803,1,0.00033865735750016057,-0.11208761649322542,1,-0.07425905282375,-0.10100032964840543,3,-0.07425905282375,-0.22624926466177803,0
ma_stop_20_120_s0.20_w0.50,-0.057981085734899684,-0.0855807259761497,3,-0.03571561842124982,-0.16468347499248026,5,0.19031311099125037,-0.2015280617710209,5,0.00033865735750016057,-0.11208761649322542,1,-0.07425905282375,-0.10100032964840543,3,-0.07425905282375,-0.2015280617710209,0
ma_stop_40_60_s0.20_w0.33,-0.055302473640699734,-0.12462123783304789,5,-0.018615391542399995,-0.10281456170651475,4,0.18123196058440016,-0.13349135989366054,5,-0.04588727353419997,-0.07768208667476814,2,-0.08401413842790006,-0.08953710370690009,5,-0.08401413842790006,-0.13349135989366054,0
ma_stop_20_120_s0.08_w0.50,-0.04119864877029966,-0.07271937913583612,5,-0.09744091450079984,-0.17779483218827374,8,0.2743523909679517,-0.2023813944518569,23,0.0018214909612501717,-0.105160835231248,4,-0.05343657812999969,-0.10392539460702062,5,-0.09744091450079984,-0.2023813944518569,0
