trade_date,open,high,low,close,volume
2016-06-02,15.76,16.33,15.67,16.03,136297
2016-06-03,16.0,16.23,15.78,16.0,107205
2016-06-06,16.01,16.26,15.83,16.01,103625
2016-06-07,16.0,16.25,15.83,16.11,122674
2016-06-08,16.12,16.26,15.94,16.0,74666
2016-06-13,15.79,15.79,14.74,14.77,141614
2016-06-14,14.65,14.88,14.34,14.64,119935
2016-06-15,14.52,15.15,14.35,15.03,123685
2016-06-16,15.04,15.08,14.68,14.78,102880
2016-06-17,14.83,15.29,14.82,15.24,147416
2016-06-20,15.14,15.48,15.07,15.19,153359
2016-06-21,15.31,15.39,14.89,14.97,86687
2016-06-22,14.9,15.32,14.83,15.28,133898
2016-06-23,15.22,15.38,14.98,15.11,108206
2016-06-24,15.12,15.31,14.44,14.94,122601
2016-06-27,14.83,15.28,14.79,15.23,114772
2016-06-28,15.14,15.55,15.06,15.45,169999
2016-06-29,15.58,15.68,15.39,15.47,111699
2016-06-30,15.51,15.53,15.37,15.45,104343
2016-07-01,15.54,15.67,15.4,15.41,111492
2016-07-04,15.34,15.78,15.24,15.72,135015
2016-07-05,15.73,15.9,15.55,15.82,142214
2016-07-06,15.71,17.52,15.59,17.52,501184
2016-07-07,17.94,18.09,17.02,17.57,593332
2016-07-08,17.31,17.44,16.89,16.92,303913
2016-07-11,17.04,17.32,16.84,16.94,215904
2016-07-12,16.95,17.23,16.66,17.19,199561
2016-07-13,17.14,17.8,17.12,17.66,301355
2016-07-14,17.72,19.09,17.42,18.32,407481
2016-07-15,18.24,20.27,18.22,19.82,602872
2016-07-18,19.61,19.72,19.13,19.47,311475
2016-07-19,19.39,20.66,19.19,19.52,432253
2016-07-20,19.38,19.48,18.76,19.35,244730
2016-07-21,19.29,19.93,19.08,19.44,215704
2016-07-22,20.0,20.64,19.64,19.93,326121
2016-07-25,19.66,20.22,19.52,19.75,159495
2016-07-26,19.64,20.11,19.42,20.05,163609
2016-07-27,20.01,20.1,18.17,18.37,350229
2016-07-28,18.57,19.29,18.35,18.9,192428
2016-07-29,18.83,18.83,18.36,18.54,107009
2016-08-01,18.57,18.82,18.11,18.68,145903
2016-08-02,18.74,18.8,18.39,18.7,92419
2016-08-03,18.74,19.09,18.59,18.88,114744
2016-08-04,18.88,19.1,18.42,18.98,116970
2016-08-05,18.77,20.9,18.65,20.12,325850
2016-08-08,19.92,20.62,19.52,20.37,184829
2016-08-09,20.34,20.53,20.0,20.42,143104
2016-08-10,20.32,20.43,19.99,20.06,116015
2016-08-11,20.33,20.77,19.77,19.89,183175
2016-08-12,20.22,20.46,19.52,19.84,195214
2016-08-15,19.72,20.29,19.27,20.05,225146
2016-08-16,19.95,21.05,19.85,20.31,243245
2016-08-17,20.32,20.33,19.68,20.02,120834
2016-08-18,19.87,20.21,19.62,19.66,117631
2016-08-19,19.75,20.01,19.61,19.69,83645
2016-08-22,19.72,19.88,19.49,19.54,60890
2016-08-23,19.73,19.74,18.72,19.12,97857
2016-08-24,19.1,19.1,18.71,18.92,124571
2016-08-25,18.86,19.08,18.4,19.03,96485
2016-08-26,19.04,19.12,18.77,18.83,79150
2016-08-29,18.87,19.05,18.75,18.81,44976
2016-08-30,18.38,18.68,18.3,18.6,89019
2016-08-31,18.51,18.87,18.42,18.82,57360
2016-09-01,18.74,18.89,18.58,18.6,34825
2016-09-02,18.59,18.77,18.42,18.72,47662
2016-09-05,18.72,18.87,18.35,18.42,55276
2016-09-06,18.5,18.8,18.34,18.62,67005
2016-09-07,18.58,19.16,18.58,18.85,101463
2016-09-08,18.87,18.92,18.7,18.74,41731
2016-09-09,18.79,18.82,18.47,18.5,47921
2016-09-12,18.17,18.2,17.32,17.48,140615
2016-09-13,17.5,17.6,17.34,17.4,36312
2016-09-14,17.4,17.46,17.19,17.22,50022
2016-09-19,17.22,17.69,17.22,17.48,54421
2016-09-20,17.5,17.83,17.29,17.73,53993
2016-09-21,17.72,17.95,17.62,17.88,67633
2016-09-22,17.95,18.1,17.69,17.75,63625
2016-09-23,17.79,17.89,17.22,17.27,85602
2016-09-26,17.31,17.48,17.22,17.36,71980
2016-09-27,17.32,17.55,17.06,17.51,65730
2016-09-28,17.6,17.6,17.32,17.35,36987
2016-09-29,17.3,17.77,17.3,17.64,60871
2016-09-30,17.58,17.78,17.54,17.77,43477
2016-10-10,18.02,19.09,18.01,18.71,166751
2016-10-11,18.71,18.87,18.54,18.77,70474
2016-10-12,18.71,18.71,18.35,18.58,114024
2016-10-13,18.52,18.83,18.44,18.81,91193
2016-10-14,18.77,18.77,18.41,18.6,54434
2016-10-17,18.71,19.76,18.55,19.43,259269
2016-10-18,19.27,19.48,19.02,19.43,124907
2016-10-19,19.28,19.67,19.17,19.34,90928
2016-10-20,19.41,19.77,19.24,19.57,98538
2016-10-21,19.72,20.02,18.97,19.18,130923
2016-10-24,19.27,19.35,18.84,19.0,104807
2016-10-25,19.02,19.1,18.79,19.02,74311
2016-10-26,18.99,19.22,18.62,19.11,109176
2016-10-27,18.98,19.37,18.67,19.21,90914
2016-10-28,19.04,19.28,18.74,18.76,59297
2016-10-31,18.66,18.66,18.24,18.29,83706
2016-11-01,18.42,18.42,17.9,18.18,125429
2016-11-02,18.12,18.19,17.96,18.09,61795
2016-11-03,18.1,18.34,17.9,18.12,90707
2016-11-04,18.04,18.47,18.0,18.14,65634
2016-11-07,18.14,18.27,17.92,18.21,61960
2016-11-08,18.3,18.31,18.01,18.08,84370
2016-11-09,18.1,18.14,17.4,17.77,89458
2016-11-10,17.9,18.01,17.86,17.96,60526
2016-11-11,18.01,18.05,17.85,18.04,73791
2016-11-14,18.11,18.77,17.91,18.57,202187
2016-11-15,18.42,18.5,18.19,18.37,122940
2016-11-16,18.4,19.16,18.34,18.83,211438
2016-11-17,18.55,18.78,18.53,18.59,100445
2016-11-18,18.53,18.59,17.97,18.1,89351
2016-11-21,18.24,18.24,17.93,18.03,73316
2016-11-22,18.02,18.79,17.91,18.46,180780
2016-11-23,18.27,18.45,18.04,18.06,107593
2016-11-24,18.06,18.11,17.72,17.78,103801
2016-11-25,17.63,17.98,17.63,17.94,59691
2016-11-28,17.9,18.07,17.81,17.97,61482
2016-11-29,18.0,18.22,17.88,17.93,79122
2016-11-30,18.01,18.14,17.77,17.87,66461
2016-12-01,17.9,18.36,17.72,18.07,104756
2016-12-02,18.06,18.14,17.82,17.85,52691
2016-12-05,17.73,17.86,17.56,17.59,43892
2016-12-06,17.6,18.0,17.53,17.81,49096
2016-12-07,17.79,18.08,17.67,18.03,53802
2016-12-08,18.03,18.37,17.99,18.05,92357
2016-12-09,18.06,18.46,17.95,18.36,123731
2016-12-12,18.32,18.32,17.22,17.43,101247
2016-12-13,17.31,17.39,16.92,17.26,47731
2016-12-14,17.21,17.28,16.72,16.77,64913
2016-12-15,16.57,16.97,16.5,16.6,67985
2016-12-16,16.62,17.08,16.57,16.94,90110
2016-12-19,16.81,16.94,16.69,16.76,41181
2016-12-20,16.8,16.87,16.64,16.78,37225
2016-12-21,16.79,17.02,16.79,16.88,38744
2016-12-22,16.92,17.16,16.76,17.09,53213
2016-12-23,16.89,17.01,16.59,16.72,53202
2016-12-26,16.7,16.87,16.52,16.87,38283
2016-12-27,16.79,16.93,16.77,16.86,28761
2016-12-28,16.86,16.87,16.62,16.67,26101
2016-12-29,16.72,16.75,16.53,16.58,32268
2016-12-30,16.58,16.73,16.47,16.58,28659
2017-01-03,16.59,16.94,16.59,16.8,41414
2017-01-04,16.91,16.91,16.72,16.86,46312
2017-01-05,16.85,16.88,16.72,16.86,35862
2017-01-06,16.87,16.9,16.59,16.63,40459
2017-01-09,16.61,16.85,16.54,16.68,44740
2017-01-10,16.72,16.86,16.66,16.71,36188
2017-01-11,16.72,16.85,16.5,16.51,45407
2017-01-12,16.5,16.57,15.42,15.55,132343
2017-01-13,15.54,15.54,14.82,15.01,109970
2017-01-16,14.92,15.01,13.82,14.49,93460
2017-01-17,14.5,14.73,14.23,14.71,50662
2017-01-18,14.66,14.66,14.41,14.48,33628
2017-01-19,14.48,15.1,14.41,14.57,72861
2017-01-20,14.42,14.81,14.39,14.69,49096
2017-01-23,14.71,14.94,14.71,14.9,49378
2017-01-24,14.89,14.89,14.37,14.49,78898
2017-01-25,14.44,14.63,14.41,14.49,53019
2017-01-26,14.48,14.63,14.42,14.55,40837
2017-02-03,14.58,14.63,14.44,14.59,29333
2017-02-06,14.61,14.95,14.6,14.92,61964
2017-02-07,14.88,15.2,14.79,15.0,71020
2017-02-08,15.22,15.71,15.12,15.48,149590
2017-02-09,15.34,15.48,15.28,15.41,75995
2017-02-10,15.39,15.63,15.3,15.36,62242
2017-02-13,15.37,15.45,15.16,15.42,48055
2017-02-14,15.42,15.42,15.2,15.26,54519
2017-02-15,15.18,15.18,14.98,15.02,69725
2017-02-16,15.04,15.15,15.02,15.08,36030
2017-02-17,15.12,15.2,15.0,15.01,49769
2017-02-20,15.09,15.57,15.0,15.4,135516
2017-02-21,15.32,15.77,15.25,15.66,138512
2017-02-22,15.69,15.71,15.49,15.55,78566
2017-02-23,15.55,15.67,15.48,15.58,62150
2017-02-24,15.57,15.84,15.48,15.72,95077
2017-02-27,15.74,16.18,15.65,15.84,121668
2017-02-28,15.87,16.17,15.72,16.04,120185
2017-03-01,15.94,16.17,15.85,15.89,94604
2017-03-02,15.99,16.02,15.59,15.64,90702
2017-03-03,15.54,15.72,15.47,15.68,54320
2017-03-06,15.64,15.81,15.57,15.78,50700
2017-03-07,15.77,15.79,15.62,15.69,44883
2017-03-08,15.74,15.77,15.52,15.56,42813
2017-03-09,15.46,15.61,15.35,15.39,51873
2017-03-10,15.42,15.5,15.23,15.27,50952
2017-03-13,15.27,15.33,15.05,15.28,62621
2017-03-14,15.28,15.32,15.15,15.21,42188
2017-03-15,15.21,15.38,15.19,15.27,45160
2017-03-16,15.27,15.49,15.25,15.39,63419
2017-03-17,15.42,15.46,15.12,15.17,68415
2017-03-20,15.18,15.27,15.11,15.24,38494
2017-03-21,15.25,15.26,15.04,15.14,46502
2017-03-22,15.05,15.18,14.93,14.97,48204
2017-03-23,14.95,15.07,14.76,14.9,52406
2017-03-24,14.88,15.35,14.88,15.22,79059
2017-03-27,15.22,15.7,15.12,15.54,124156
2017-03-28,15.48,15.73,15.25,15.39,78034
2017-03-29,15.35,15.62,15.33,15.36,77522
2017-03-30,15.28,15.62,15.11,15.41,99350
2017-03-31,15.42,15.56,15.26,15.55,79855
2017-04-05,15.42,15.98,15.38,15.87,133178
2017-04-06,15.91,16.04,15.74,15.76,112929
2017-04-07,15.79,16.03,15.58,15.98,152122
2017-04-10,15.82,15.87,15.45,15.5,96826
2017-04-11,15.5,15.74,15.25,15.56,90273
2017-04-12,15.67,15.74,15.42,15.45,75871
2017-04-13,15.38,15.43,15.17,15.27,70709
2017-04-14,15.27,15.29,14.97,14.99,71432
2017-04-17,15.02,15.1,14.59,14.66,65550
2017-04-18,14.69,14.88,14.66,14.69,35641
2017-04-19,14.69,14.8,14.47,14.6,47863
2017-04-20,14.5,14.71,14.5,14.71,35623
2017-04-21,14.73,14.77,14.58,14.63,30827
2017-04-24,14.63,14.63,13.82,13.91,64286
2017-04-25,13.84,14.12,13.72,13.88,78581
2017-04-26,13.86,13.95,13.62,13.64,66409
2017-04-27,13.65,13.8,13.3,13.78,59333
2017-04-28,13.58,13.91,13.57,13.78,35153
2017-05-02,13.82,13.82,13.61,13.63,31199
2017-05-03,13.82,13.96,13.65,13.8,51599
2017-05-04,13.72,13.76,13.32,13.38,65742
2017-05-05,13.27,13.37,13.01,13.03,74576
2017-05-08,13.03,13.37,12.95,12.99,53047
2017-05-09,12.92,13.14,12.85,13.08,38386
2017-05-10,13.05,13.19,12.84,12.88,37241
2017-05-11,12.82,12.91,12.07,12.46,57293
2017-05-12,12.48,12.6,12.32,12.37,32495
2017-05-15,12.48,12.54,12.38,12.44,21932
2017-05-16,12.48,12.71,12.24,12.69,47258
2017-05-17,12.68,13.24,12.56,12.87,58454
2017-05-18,12.8,12.91,12.67,12.77,37470
2017-05-19,12.72,12.83,12.57,12.67,31365
2017-05-22,12.67,12.71,12.17,12.22,44049
2017-05-23,12.15,12.33,11.93,11.96,53785
2017-05-24,11.96,12.12,11.81,12.07,37604
2017-05-25,12.09,12.37,11.97,12.24,48407
2017-05-26,12.25,12.31,12.18,12.24,32491
2017-05-31,12.42,12.44,12.19,12.19,31721
2017-06-01,12.17,12.19,11.68,11.71,45844
2017-06-02,11.73,11.93,11.62,11.84,44365
2017-06-05,11.85,12.05,11.82,11.92,40791
2017-06-06,11.87,12.1,11.87,12.02,36535
2017-06-07,12.03,12.33,12.0,12.27,55233
2017-06-08,12.31,12.34,12.17,12.2,42755
2017-06-09,12.21,12.26,12.1,12.19,55027
2017-06-12,12.08,12.17,11.8,11.82,57903
2017-06-13,11.82,12.16,11.82,12.11,42912
2017-06-14,12.11,12.16,12.02,12.14,49067
2017-06-15,12.13,12.49,12.08,12.31,66802
2017-06-16,12.27,12.36,12.19,12.26,41850
2017-06-19,12.25,12.54,12.2,12.41,51485
2017-06-20,12.34,12.42,12.28,12.32,46434
2017-06-21,12.38,12.42,12.22,12.31,31652
2017-06-22,12.37,12.52,12.13,12.14,45403
2017-06-23,12.15,12.25,11.9,12.05,41106
2017-06-26,12.09,12.22,12.03,12.21,31541
2017-06-27,12.21,12.26,12.11,12.22,47996
2017-06-28,12.21,12.22,12.05,12.05,32600
2017-06-29,12.09,12.15,12.03,12.11,38684
2017-06-30,12.02,12.12,11.94,12.09,38072
2017-07-03,12.01,12.14,12.01,12.13,29814
2017-07-04,12.09,12.15,12.03,12.06,30323
2017-07-05,12.07,12.8,12.07,12.6,160648
2017-07-06,12.54,12.6,12.37,12.39,78992
2017-07-07,12.33,12.46,12.32,12.41,52002
2017-07-10,12.35,12.42,12.25,12.32,49425
2017-07-11,12.32,12.41,12.13,12.18,57616
2017-07-12,12.12,12.22,11.87,11.98,59745
2017-07-13,11.99,12.29,11.99,12.03,47487
2017-07-14,12.05,12.6,12.04,12.46,150652
2017-07-17,12.32,12.52,11.92,11.96,112551
2017-07-18,11.94,12.49,11.8,12.46,94921
2017-07-19,12.38,12.71,12.29,12.66,123044
2017-07-20,12.66,12.98,12.56,12.6,113369
2017-07-21,12.61,12.85,12.55,12.62,70722
2017-07-24,12.64,12.86,12.59,12.77,73804
2017-07-25,12.71,12.8,12.44,12.59,58586
2017-07-26,12.58,12.64,12.21,12.3,92461
2017-07-27,12.22,12.94,12.2,12.9,162931
2017-07-28,12.81,12.83,12.63,12.66,77265
2017-07-31,12.75,12.81,12.58,12.73,74334
2017-08-01,12.47,12.71,12.42,12.57,75277
2017-08-02,12.53,12.66,12.43,12.46,53556
2017-08-03,12.4,12.69,12.37,12.48,63687
2017-08-04,12.52,13.09,12.32,12.74,149480
2017-08-07,12.61,12.73,12.45,12.72,72712
2017-08-08,12.81,12.87,12.63,12.86,74074
2017-08-09,12.87,12.87,12.69,12.72,58246
2017-08-10,12.71,13.32,12.62,13.22,207463
2017-08-11,13.08,13.16,12.81,13.13,138916
2017-08-14,13.14,13.82,13.08,13.61,198194
2017-08-15,13.56,14.3,13.4,14.12,253243
2017-08-16,13.97,14.3,13.89,13.99,182210
2017-08-17,13.91,14.11,13.82,14.04,117088
2017-08-18,13.92,14.01,13.56,13.71,114997
2017-08-21,13.74,13.91,13.6,13.77,73841
2017-08-22,13.8,13.91,13.58,13.61,85205
2017-08-23,13.86,13.89,13.37,13.38,86136
2017-08-24,13.36,13.62,13.3,13.47,67393
2017-08-25,13.48,13.7,13.37,13.52,91410
2017-08-28,13.52,13.74,13.46,13.57,104759
2017-08-29,13.61,13.84,13.56,13.74,107227
2017-08-30,13.67,13.73,13.41,13.45,85228
2017-08-31,13.38,13.62,13.38,13.49,56721
2017-09-01,13.65,13.92,13.56,13.74,141246
2017-09-04,13.66,13.72,13.48,13.61,90804
2017-09-05,13.63,13.94,13.51,13.82,130764
2017-09-06,14.49,14.84,14.06,14.15,304635
2017-09-07,13.96,14.16,13.71,13.73,186918
2017-09-08,13.73,13.8,13.41,13.56,115386
2017-09-11,13.56,13.65,13.46,13.58,91298
2017-09-12,13.53,13.57,13.34,13.38,96530
2017-09-13,13.38,13.42,13.14,13.28,85784
2017-09-14,13.3,13.41,13.23,13.39,74779
2017-09-15,13.36,13.38,13.1,13.23,77220
2017-09-18,13.21,13.28,13.13,13.25,60341
2017-09-19,13.25,13.42,13.2,13.32,85006
2017-09-20,13.33,13.41,13.14,13.36,69795
2017-09-21,13.35,13.35,13.04,13.05,63082
2017-09-22,13.04,13.44,12.84,13.42,132502
2017-09-25,13.26,13.4,13.0,13.02,78489
2017-09-26,13.02,13.08,12.73,12.81,87240
2017-09-27,12.72,12.9,12.72,12.87,43672
2017-09-28,12.85,12.85,12.72,12.77,45850
2017-09-29,12.74,12.89,12.74,12.8,44472
2017-10-09,12.84,13.39,12.84,13.29,117586
2017-10-10,13.21,13.38,13.14,13.3,75135
2017-10-11,13.31,13.66,13.25,13.33,149052
2017-10-12,13.3,14.36,13.13,14.05,335254
2017-10-13,13.88,14.64,13.76,14.21,422632
2017-10-16,14.11,14.86,13.63,13.77,359448
2017-10-17,13.62,13.64,13.15,13.38,180178
2017-10-18,13.45,13.5,12.96,13.01,135601
2017-10-19,12.96,13.09,12.69,12.81,96972
2017-10-20,12.82,13.01,12.71,12.97,74509
2017-10-23,12.91,12.91,12.58,12.73,94410
2017-10-24,12.7,12.7,12.4,12.51,81852
2017-10-25,12.5,12.63,12.49,12.58,45073
2017-10-26,12.56,12.77,12.56,12.69,56580
2017-10-27,12.71,12.76,12.6,12.62,44778
2017-10-30,12.6,12.65,12.06,12.08,88442
2017-10-31,12.1,12.26,12.06,12.2,33659
2017-11-01,12.26,12.4,12.2,12.26,42838
2017-11-02,12.21,12.25,12.06,12.08,45899
2017-11-03,12.13,12.14,11.76,11.86,67010
2017-11-06,11.97,12.03,11.83,12.01,32239
2017-11-07,12.01,12.11,11.97,12.1,33583
2017-11-08,12.11,12.35,12.04,12.35,54266
2017-11-09,12.33,12.41,12.21,12.35,43387
2017-11-10,12.33,12.4,12.23,12.25,34989
2017-11-13,12.25,12.3,12.17,12.21,36739
2017-11-14,12.18,12.21,11.94,11.98,48093
2017-11-15,12.04,12.18,11.93,12.08,30957
2017-11-16,11.97,12.35,11.92,12.15,56735
2017-11-17,12.19,12.25,11.56,11.61,86637
2017-11-20,11.63,11.64,11.14,11.41,51626
2017-11-21,11.39,11.57,11.28,11.41,32004
2017-11-22,11.44,11.61,11.37,11.4,31760
2017-11-23,11.46,11.46,11.17,11.19,34717
2017-11-24,11.06,11.26,11.02,11.12,24534
2017-11-27,11.13,11.21,11.03,11.11,23756
2017-11-28,11.06,11.21,11.04,11.16,22535
2017-11-29,11.24,11.24,11.0,11.08,31429
2017-11-30,11.07,11.22,11.04,11.11,31126
2017-12-01,11.13,11.4,11.06,11.19,40841
2017-12-04,11.13,11.39,11.12,11.21,32245
2017-12-05,11.15,11.23,10.51,10.63,78681
2017-12-06,10.58,10.75,10.53,10.73,37508
2017-12-07,10.73,10.76,10.61,10.68,22455
2017-12-08,10.66,10.8,10.62,10.74,24213
2017-12-11,10.74,10.94,10.7,10.92,34014
2017-12-12,10.91,11.34,10.84,11.08,58651
2017-12-13,11.03,11.08,10.81,10.89,37477
2017-12-14,10.93,10.93,10.78,10.81,25433
2017-12-15,10.84,10.88,10.66,10.72,24518
2017-12-18,10.7,10.79,10.51,10.57,38580
2017-12-19,10.61,10.73,10.56,10.67,27345
2017-12-20,10.65,10.72,10.46,10.5,29188
2017-12-21,10.49,10.54,10.23,10.3,56099
2017-12-22,10.36,10.36,10.18,10.23,35320
2017-12-25,10.26,10.33,9.62,9.73,91992
2017-12-26,9.7,9.81,9.65,9.78,42791
2017-12-27,9.78,9.82,9.66,9.68,33627
2017-12-28,9.67,9.82,9.6,9.75,41641
2017-12-29,9.72,9.86,9.69,9.79,33471
2018-01-02,9.79,9.9,9.79,9.86,41564
2018-01-03,9.91,10.21,9.86,10.11,62005
2018-01-04,10.1,10.21,10.01,10.08,39994
2018-01-05,10.16,10.25,10.08,10.12,36607
2018-01-08,10.14,10.16,9.93,10.09,43433
2018-01-09,10.08,10.09,9.99,10.0,37491
2018-01-10,10.04,10.18,9.92,10.11,53815
2018-01-11,10.1,10.53,10.02,10.51,104634
2018-01-12,10.49,10.49,10.24,10.26,52993
2018-01-15,10.25,10.25,9.84,9.89,55585
2018-01-16,9.84,10.02,9.79,9.98,23451
2018-01-17,10.02,10.2,9.92,10.1,39478
2018-01-18,10.11,10.16,9.98,9.99,31169
2018-01-19,10.04,10.14,9.9,10.01,36373
2018-01-22,10.05,10.33,9.97,10.22,61963
2018-01-23,10.22,10.26,10.16,10.2,33672
2018-01-24,10.2,10.5,10.17,10.4,76801
2018-01-25,10.36,10.66,10.3,10.34,66277
2018-01-26,10.3,10.55,10.28,10.38,47878
2018-01-29,10.38,10.48,10.19,10.22,34966
2018-01-30,10.25,11.05,10.23,10.84,166393
2018-01-31,10.79,10.79,10.26,10.29,103282
2018-02-01,10.23,10.34,9.37,9.44,106312
2018-02-02,9.47,10.0,9.43,9.81,56803
2018-02-05,9.59,10.09,9.41,9.93,73995
2018-02-06,9.61,9.76,9.04,9.07,76425
2018-02-07,9.31,9.44,8.97,9.22,48781
2018-02-08,9.18,9.3,9.06,9.09,48955
2018-02-09,8.92,8.92,8.34,8.5,97064
2018-02-12,8.57,8.71,8.5,8.63,36300
2018-02-13,8.62,8.77,8.61,8.68,54116
2018-02-14,8.68,8.72,8.6,8.67,31985
2018-02-22,8.94,9.08,8.82,8.96,56345
2018-02-23,8.89,8.96,8.82,8.93,36089
2018-02-26,9.1,9.76,9.0,9.63,145000
2018-02-27,9.54,9.64,9.47,9.55,77802
2018-02-28,9.36,9.89,9.35,9.74,112024
2018-03-01,9.53,9.89,9.48,9.81,75483
2018-03-02,9.75,10.9,9.69,10.9,302479
2018-03-05,10.9,11.05,10.53,10.75,249116
2018-03-06,10.59,10.9,10.44,10.65,186202
2018-03-07,10.65,10.75,10.35,10.39,135942
2018-03-08,10.36,10.45,10.16,10.29,112488
2018-03-09,10.29,10.59,10.2,10.46,158721
2018-03-12,10.46,10.89,10.36,10.81,196459
2018-03-13,10.71,10.71,10.38,10.41,137790
2018-03-14,10.27,10.37,10.1,10.27,102559
2018-03-15,10.14,10.65,10.08,10.35,108291
2018-03-16,10.34,10.66,10.21,10.42,126528
2018-03-19,10.39,10.56,9.97,10.24,90059
2018-03-20,10.16,10.27,10.0,10.23,77250
2018-03-21,10.17,10.62,10.16,10.24,125359
2018-03-22,10.26,10.81,10.16,10.66,170620
2018-03-23,10.27,10.45,9.54,9.56,164692
2018-03-26,9.36,9.64,9.15,9.62,88212
2018-03-27,9.71,10.01,9.65,9.88,82696
2018-03-28,9.64,10.21,9.54,10.07,86112
2018-03-29,10.03,10.12,9.93,10.02,54944
2018-03-30,10.06,10.6,10.05,10.33,146160
2018-04-02,10.28,10.42,10.15,10.2,90478
2018-04-03,9.97,10.06,9.81,9.88,75355
2018-04-04,10.02,10.19,9.86,9.92,78165
2018-04-09,9.86,10.04,9.66,9.89,67908
2018-04-10,9.91,9.96,9.59,9.77,73624
2018-04-11,9.77,10.06,9.77,9.87,68560
2018-04-12,9.95,10.22,9.9,9.99,97996
2018-04-13,10.1,10.51,9.96,10.39,179277
2018-04-16,11.29,11.53,10.76,11.01,438305
2018-04-17,10.84,11.12,10.27,10.31,240409
2018-04-18,10.35,10.42,9.85,10.17,152014
2018-04-19,10.17,10.49,10.1,10.29,128321
2018-04-20,10.19,10.22,9.79,9.81,98063
2018-04-23,9.9,10.02,9.81,9.88,49667
2018-04-24,9.84,10.12,9.82,10.09,57970
2018-04-25,10.04,10.12,9.94,10.04,60970
2018-04-26,10.05,10.08,9.66,9.76,61789
2018-04-27,9.79,10.01,9.79,9.94,42594
2018-05-02,9.86,9.86,9.49,9.56,74022
2018-05-03,9.56,9.64,9.33,9.56,54449
2018-05-04,9.55,9.76,9.49,9.58,43008
2018-05-07,9.54,9.75,9.51,9.72,41390
2018-05-08,9.72,9.87,9.66,9.8,55430
2018-05-09,9.84,9.95,9.7,9.78,42053
2018-05-10,9.75,9.83,9.64,9.77,39199
2018-05-11,9.82,10.01,9.81,9.84,67852
2018-05-14,9.78,9.89,9.71,9.77,47836
2018-05-15,9.75,9.84,9.56,9.75,51775
2018-05-16,9.68,9.93,9.56,9.71,77936
2018-05-17,9.64,9.73,9.48,9.53,48299
2018-05-18,9.52,9.73,9.51,9.67,44843
2018-05-21,9.74,9.89,9.74,9.8,50856
2018-05-22,9.82,9.86,9.68,9.83,42505
2018-05-23,9.82,9.85,9.66,9.68,48375
2018-05-24,9.68,9.79,9.66,9.74,39680
2018-05-25,9.74,9.79,9.46,9.53,64328
2018-05-28,9.52,10.1,9.37,10.08,161587
2018-05-29,9.98,10.21,9.93,10.04,88867
2018-05-30,9.79,9.9,8.94,9.13,149262
2018-05-31,9.16,9.3,9.15,9.23,63025
2018-06-01,9.23,9.29,8.98,9.04,51322
2018-06-04,9.11,9.14,8.91,8.97,52642
2018-06-05,9.01,9.07,8.92,9.06,47569
2018-06-06,9.07,9.12,8.99,9.06,32316
2018-06-07,9.08,9.11,8.84,8.89,54315
2018-06-08,8.93,8.93,8.69,8.73,45615
2018-06-11,8.67,9.1,8.66,8.92,55988
2018-06-12,8.93,9.0,8.69,8.87,32963
2018-06-13,8.84,8.86,8.66,8.68,29363
2018-06-14,8.68,8.78,8.44,8.56,47963
2018-06-15,8.77,8.79,8.41,8.57,49000
2018-06-19,8.38,8.41,7.61,7.61,110572
2018-06-20,7.57,7.66,7.33,7.58,72297
2018-06-21,7.59,7.59,7.16,7.2,68138
2018-06-22,7.15,7.38,7.02,7.25,44773
2018-06-25,7.37,7.42,7.18,7.2,39914
2018-06-26,7.06,7.24,7.0,7.2,44049
2018-06-27,7.2,7.25,7.07,7.12,31914
2018-06-28,7.14,7.21,7.0,7.02,36712
2018-06-29,7.06,7.28,7.02,7.26,50139
2018-07-02,7.26,7.31,7.04,7.08,44013
2018-07-03,7.08,7.28,7.03,7.26,42092
2018-07-04,7.18,7.26,7.07,7.12,44541
2018-07-05,7.11,7.23,7.02,7.03,36966
2018-07-06,7.04,7.17,6.8,7.01,52704
2018-07-09,7.02,7.15,7.02,7.13,29437
2018-07-10,7.11,7.17,7.08,7.16,28251
2018-07-11,7.1,7.1,6.79,6.86,53393
2018-07-12,6.83,7.09,6.82,7.06,45402
2018-07-13,7.02,7.08,7.01,7.03,29401
2018-07-16,7.05,7.1,7.0,7.09,31749
2018-07-17,7.1,7.13,7.03,7.09,25872
2018-07-18,7.06,7.42,7.06,7.16,62863
2018-07-19,7.14,7.16,6.86,6.95,45614
2018-07-20,6.97,7.07,6.87,7.06,27055
2018-07-23,7.01,7.17,6.98,7.16,34973
2018-07-24,7.13,7.38,7.11,7.32,59042
2018-07-25,7.32,7.37,7.28,7.33,39173
2018-07-26,7.31,7.46,7.27,7.44,62346
2018-07-27,7.4,7.43,7.29,7.35,35078
2018-07-30,7.36,7.39,7.18,7.27,28405
2018-07-31,7.28,7.33,7.22,7.31,17830
2018-08-01,7.31,7.36,7.09,7.12,32362
2018-08-02,7.11,7.12,6.62,6.72,70961
2018-08-03,6.75,6.82,6.62,6.71,28939
2018-08-06,6.68,6.75,6.43,6.54,33991
2018-08-07,6.52,6.71,6.47,6.71,32312
2018-08-08,6.68,6.78,6.62,6.64,29121
2018-08-09,6.61,6.86,6.58,6.83,40583
2018-08-10,6.81,6.88,6.75,6.87,31651
2018-08-13,6.76,6.94,6.71,6.92,32287
2018-08-14,6.89,6.9,6.82,6.85,20450
2018-08-15,6.85,6.89,6.59,6.61,31576
2018-08-16,6.56,6.59,6.42,6.53,35680
2018-08-17,6.56,6.6,6.32,6.36,29309
2018-08-20,6.38,6.47,6.33,6.45,22792
2018-08-21,6.44,6.61,6.43,6.57,27965
2018-08-22,6.47,6.66,6.47,6.56,21668
2018-08-23,6.54,6.64,6.45,6.53,28228
2018-08-24,6.53,6.61,6.48,6.54,23723
2018-08-27,6.53,6.72,6.52,6.67,29230
2018-08-28,6.66,6.76,6.64,6.68,19551
2018-08-29,6.7,6.73,6.63,6.65,22257
2018-08-30,6.65,6.72,6.6,6.66,31822
2018-08-31,6.66,6.66,6.42,6.45,42412
2018-09-03,6.46,6.98,6.45,6.81,86789
2018-09-04,6.75,6.89,6.67,6.81,66229
2018-09-05,6.81,6.99,6.74,6.82,48836
2018-09-06,6.82,6.91,6.68,6.75,35395
2018-09-07,6.71,6.84,6.62,6.67,32366
2018-09-10,6.66,6.69,6.47,6.47,34973
2018-09-11,6.5,6.61,6.47,6.53,22203
2018-09-12,6.52,6.7,6.51,6.7,29104
2018-09-13,6.69,6.79,6.65,6.7,24223
2018-09-14,6.72,6.78,6.65,6.77,21578
2018-09-17,7.01,7.24,6.72,6.89,79484
2018-09-18,6.62,6.78,6.53,6.74,61661
2018-09-19,6.69,6.83,6.67,6.77,42564
2018-09-20,6.73,6.79,6.67,6.7,24542
2018-09-21,6.76,7.04,6.7,6.99,87577
2018-09-25,6.89,6.93,6.79,6.91,48002
2018-09-26,6.91,6.99,6.86,6.91,40411
2018-09-27,6.93,7.08,6.91,6.92,54481
2018-09-28,6.96,7.1,6.91,7.08,54707
2018-10-08,7.01,7.01,6.7,6.73,47992
2018-10-09,6.75,6.81,6.6,6.66,33120
2018-10-10,6.66,6.75,6.63,6.72,19077
2018-10-11,6.46,6.5,5.95,5.96,106018
2018-10-12,5.95,6.01,5.49,5.69,71342
2018-10-15,5.72,5.81,5.41,5.46,55449
2018-10-16,5.44,5.5,5.02,5.1,80301
2018-10-17,5.19,5.25,4.99,5.18,54545
2018-10-18,5.49,5.55,5.19,5.28,99933
2018-10-19,5.11,5.53,5.08,5.51,77948
2018-10-22,5.56,5.94,5.53,5.84,78767
2018-10-23,5.83,5.87,5.64,5.7,52522
2018-10-24,5.67,5.85,5.67,5.68,50456
2018-10-25,5.5,5.93,5.44,5.88,67610
2018-10-26,5.86,5.98,5.76,5.81,45000
2018-10-29,5.81,6.09,5.75,5.92,69235
2018-10-30,5.87,6.05,5.67,5.92,75458
2018-10-31,5.89,6.02,5.87,5.97,53678
2018-11-01,6.01,6.14,5.95,5.97,57244
2018-11-02,6.07,6.24,6.05,6.2,69421
2018-11-05,6.2,6.39,6.17,6.35,76357
2018-11-06,6.35,6.4,6.23,6.37,51420
2018-11-07,6.42,6.71,6.34,6.6,103086
2018-11-08,6.64,6.67,6.44,6.46,59102
2018-11-09,6.45,6.49,6.26,6.28,65777
2018-11-12,6.34,6.58,6.31,6.58,61412
2018-11-13,6.5,6.9,6.45,6.8,93309
2018-11-14,6.81,7.07,6.72,6.88,87154
2018-11-15,6.89,7.35,6.89,7.28,118475
2018-11-16,7.29,7.43,7.15,7.28,91238
2018-11-19,7.23,7.36,7.09,7.23,67247
2018-11-20,7.23,7.27,6.91,6.91,74488
2018-11-21,6.83,7.38,6.83,7.25,122470
2018-11-22,7.19,7.24,6.97,7.01,78240
2018-11-23,7.0,7.08,6.59,6.69,94267
2018-11-26,6.71,6.95,6.68,6.79,48648
2018-11-27,6.81,6.87,6.49,6.6,63560
2018-11-28,6.6,7.29,6.56,7.18,158196
2018-11-29,7.3,7.3,6.67,6.72,122289
2018-11-30,6.66,6.68,6.4,6.54,73356
2018-12-03,6.71,7.29,6.71,7.29,139242
2018-12-04,7.44,7.56,7.12,7.21,155867
2018-12-05,7.14,7.45,7.11,7.34,159763
2018-12-06,7.25,7.25,6.98,7.05,95801
2018-12-07,7.09,7.15,6.81,6.87,72600
2018-12-10,6.81,6.86,6.66,6.74,71530
2018-12-11,6.76,6.92,6.61,6.81,117847
2018-12-12,6.81,6.83,6.64,6.71,72515
2018-12-13,6.71,6.83,6.64,6.81,76511
2018-12-14,6.81,6.81,6.5,6.59,84345
2018-12-17,6.57,6.61,6.47,6.61,39939
2018-12-18,6.61,6.61,6.3,6.38,81837
2018-12-19,6.41,6.43,6.26,6.27,49102
2018-12-20,6.27,6.38,6.24,6.34,40088
2018-12-21,6.33,6.39,6.25,6.33,41030
2018-12-24,6.3,6.43,6.25,6.42,36057
2018-12-25,6.38,6.38,6.05,6.29,66804
2018-12-26,6.28,6.46,6.26,6.42,65245
2018-12-27,6.51,6.51,6.23,6.23,46476
2018-12-28,6.27,6.43,6.26,6.31,42615
2019-01-02,6.37,6.44,6.32,6.34,30878
2019-01-03,6.36,6.57,6.31,6.5,70433
2019-01-04,6.41,6.81,6.37,6.78,104910
2019-01-07,6.81,6.91,6.77,6.86,66055
2019-01-08,6.84,6.95,6.75,6.87,60282
2019-01-09,6.87,7.2,6.87,7.0,97863
2019-01-10,7.03,7.19,7.01,7.11,61871
2019-01-11,7.16,7.16,7.03,7.08,56714
2019-01-14,7.09,7.23,6.99,7.22,77980
2019-01-15,7.23,7.24,7.12,7.22,67053
2019-01-16,7.22,7.4,7.2,7.25,54031
2019-01-17,7.26,7.37,7.16,7.26,50285
2019-01-18,7.26,7.35,7.21,7.23,49089
2019-01-21,7.33,7.41,7.23,7.29,46286
2019-01-22,7.32,7.41,7.21,7.25,47029
2019-01-23,7.23,7.31,7.22,7.31,39340
2019-01-24,7.39,7.55,7.27,7.41,66745
2019-01-25,7.45,7.93,7.43,7.86,132249
2019-01-28,7.94,8.54,7.56,8.19,216854
2019-01-29,8.01,8.51,7.94,8.04,176883
2019-01-30,8.09,8.23,7.9,7.92,81253
2019-01-31,8.01,8.4,7.92,8.17,115490
2019-02-01,8.16,8.31,7.92,8.13,94801
2019-02-11,8.13,8.53,8.1,8.38,82232
2019-02-12,8.36,8.44,8.25,8.31,55877
2019-02-13,8.28,8.49,8.18,8.42,93232
2019-02-14,8.43,9.36,8.37,9.22,235598
2019-02-15,9.21,9.98,9.11,9.63,241761
2019-02-18,9.62,10.21,9.43,10.07,170940
2019-02-19,10.07,10.61,9.61,9.83,211441
2019-02-20,10.22,10.91,10.22,10.91,300329
2019-02-21,11.32,12.1,11.32,12.1,327287
2019-02-22,13.41,13.41,13.41,13.41,81429
2019-02-25,14.85,14.85,14.85,14.85,18871
2019-02-26,16.43,16.43,16.43,16.43,43406
2019-02-27,18.17,18.17,15.71,17.32,1253034
2019-02-28,16.79,18.67,15.82,16.47,886101
2019-03-01,17.01,18.22,16.77,18.22,899707
2019-03-04,19.21,20.14,18.94,20.14,326039
2019-03-05,22.25,22.25,21.29,22.25,945712
2019-03-06,22.51,24.57,22.46,24.57,769993
2019-03-07,26.34,27.13,26.26,27.13,500378
2019-03-08,24.32,29.8,24.32,25.0,1415047
2019-03-11,25.98,27.6,23.68,27.6,1016292
2019-03-12,29.21,30.46,28.67,30.46,394545
2019-03-13,33.61,33.61,28.52,29.85,1503637
2019-03-14,28.11,28.5,26.77,26.77,777905
2019-03-15,27.56,27.89,24.0,24.11,1115304
2019-03-18,24.61,26.06,24.07,25.37,939757
2019-03-19,24.5,28.01,24.11,26.92,1214832
2019-03-20,26.31,27.51,25.89,27.29,893426
2019-03-21,27.98,30.12,26.29,26.72,1168421
2019-03-22,26.94,27.11,24.41,25.62,1096210
2019-03-25,24.89,25.99,24.37,25.56,622870
2019-03-26,26.32,26.77,25.52,25.61,822112
2019-03-27,26.11,26.86,25.76,26.52,714326
2019-03-28,26.01,26.05,23.77,23.77,872225
2019-03-29,22.89,24.5,22.11,24.21,798824
2019-04-01,24.01,25.96,23.81,25.51,874963
2019-04-02,25.52,28.16,25.34,27.02,1426953
2019-04-03,26.51,26.8,25.01,25.62,885165
2019-04-04,25.41,26.81,24.83,25.82,723833
2019-04-08,26.32,27.41,25.18,26.79,808139
2019-04-09,26.81,29.26,25.91,28.63,1062447
2019-04-10,27.67,28.1,26.02,26.26,835127
2019-04-11,25.34,25.76,24.44,24.49,563671
2019-04-12,24.82,25.46,24.41,25.26,373994
2019-04-15,26.02,27.36,25.06,25.17,590842
2019-04-16,24.09,25.32,23.51,25.32,439704
2019-04-17,25.19,25.59,24.72,25.0,342367
2019-04-18,25.01,25.71,24.48,25.28,458841
2019-04-19,24.96,25.08,23.89,24.49,412301
2019-04-22,24.49,24.91,23.81,24.2,326412
2019-04-23,24.26,25.45,24.06,24.85,445965
2019-04-24,24.61,24.79,23.81,24.65,328797
2019-04-25,24.45,25.59,23.93,24.01,420754
2019-04-26,23.01,23.61,22.51,22.58,378877
2019-04-29,22.98,23.21,20.34,21.01,342471
2019-04-30,20.14,21.06,19.29,20.3,437436
2019-05-06,19.07,19.29,18.17,18.17,280987
2019-05-07,18.22,18.4,17.16,17.93,374478
2019-05-08,17.57,18.69,17.48,18.03,342496
2019-05-09,17.85,18.76,17.85,18.26,318446
2019-05-10,18.6,19.76,17.91,19.21,467035
2019-05-13,18.66,19.01,18.26,18.43,275630
2019-05-14,18.23,19.05,18.2,18.59,242799
2019-05-15,18.85,19.34,18.58,19.06,322784
2019-05-16,19.04,19.04,18.45,18.49,287267
2019-05-17,18.66,18.85,16.88,17.16,362610
2019-05-20,17.21,18.69,16.73,18.08,365283
2019-05-21,18.06,19.06,18.06,18.61,342737
2019-05-22,18.55,19.45,18.23,19.18,334777
2019-05-23,18.74,18.85,17.81,17.97,297184
2019-05-24,17.77,19.87,17.67,19.34,782419
2019-05-27,18.71,19.31,18.06,19.24,638072
2019-05-28,19.23,20.26,18.91,19.01,550462
2019-05-29,18.51,18.97,18.31,18.58,308906
2019-05-30,18.59,18.81,17.86,18.33,242611
2019-05-31,18.33,18.45,17.89,17.9,200664
2019-06-03,18.15,18.22,17.23,17.5,220871
2019-06-04,17.41,17.75,17.0,17.27,180252
2019-06-05,17.51,17.58,17.0,17.1,149785
2019-06-06,17.03,17.22,16.53,16.59,185798
2019-06-10,16.72,17.06,16.49,16.91,168794
2019-06-11,17.07,18.05,16.86,18.0,299686
2019-06-12,17.71,17.97,17.21,17.35,261181
2019-06-13,17.4,18.2,17.25,17.72,249667
2019-06-14,17.52,17.79,16.79,16.81,261858
2019-06-17,16.75,17.08,16.65,16.93,124311
2019-06-18,16.89,17.19,16.67,16.97,121052
2019-06-19,17.66,17.98,17.23,17.31,285747
2019-06-20,17.38,18.54,17.11,18.02,413752
2019-06-21,18.02,18.45,17.69,18.16,368688
2019-06-24,18.07,18.51,17.85,18.19,265357
2019-06-25,18.33,18.33,17.39,17.71,251048
2019-06-26,17.41,17.95,17.27,17.44,156502
2019-06-27,17.54,17.83,17.36,17.55,151238
2019-06-28,17.49,17.49,16.62,16.84,245342
2019-07-01,17.38,18.62,17.07,18.06,426659
2019-07-02,18.01,18.09,17.52,17.74,255276
2019-07-03,17.74,18.12,17.37,17.87,266536
2019-07-04,17.9,17.98,17.51,17.63,131979
2019-07-05,17.61,17.86,17.34,17.8,123327
2019-07-08,17.73,17.73,16.91,17.01,156353
2019-07-09,16.95,17.26,16.78,17.16,85349
2019-07-10,17.28,17.28,16.72,16.86,85973
2019-07-11,17.11,17.15,16.72,16.89,80083
2019-07-12,16.76,16.97,16.72,16.89,59980
2019-07-15,16.89,17.37,16.51,17.17,128147
2019-07-16,17.13,17.46,17.05,17.2,79836
2019-07-17,17.13,17.27,16.96,17.01,99035
2019-07-18,16.83,16.87,16.57,16.6,101510
2019-07-19,16.71,16.85,16.45,16.5,85678
2019-07-22,16.5,16.53,14.94,15.18,227545
2019-07-23,15.18,15.34,15.07,15.27,85512
2019-07-24,15.36,15.74,15.33,15.42,143793
2019-07-25,15.53,15.61,15.31,15.41,92550
2019-07-26,15.42,17.04,15.42,16.29,325357
2019-07-29,16.14,16.31,15.72,15.86,206489
2019-07-30,15.88,16.37,15.88,16.23,186968
2019-07-31,16.02,16.12,15.79,15.85,120612
2019-08-01,15.8,16.03,15.59,15.74,105962
2019-08-02,15.25,15.62,15.14,15.48,113547
2019-08-05,15.36,15.86,15.34,15.34,107731
2019-08-06,15.14,15.14,14.1,14.55,169813
2019-08-07,14.64,14.91,14.47,14.62,108241
2019-08-08,14.56,14.89,14.56,14.74,104200
2019-08-09,14.74,14.92,14.14,14.21,138932
2019-08-12,14.35,14.59,14.29,14.54,102890
2019-08-13,14.4,14.54,14.21,14.27,84568
2019-08-14,14.59,14.63,14.24,14.28,97698
2019-08-15,13.89,14.54,13.72,14.41,139515
2019-08-16,14.43,15.28,14.4,14.77,256278
2019-08-19,14.92,15.62,14.69,15.46,279136
2019-08-20,15.48,16.19,15.36,15.55,300423
2019-08-21,15.39,15.7,15.25,15.4,155074
2019-08-22,15.58,15.87,15.34,15.66,174569
2019-08-23,15.69,15.82,15.43,15.47,111413
2019-08-26,14.97,15.62,14.94,15.53,122012
2019-08-27,15.59,16.39,15.59,16.31,303949
2019-08-28,16.26,17.94,16.04,17.1,416189
2019-08-29,17.24,18.9,17.02,18.9,541697
2019-08-30,20.14,20.88,18.96,19.11,953775
2019-09-02,18.89,21.11,18.69,21.11,742945
2019-09-03,21.33,23.31,21.04,23.31,824770
2019-09-04,23.14,23.23,21.18,21.54,871796
2019-09-05,21.66,22.44,21.34,21.54,694305
2019-09-06,21.54,23.31,20.76,22.14,700761
2019-09-09,22.41,23.91,22.16,23.23,597747
2019-09-10,23.29,23.42,21.84,22.17,530143
2019-09-11,22.33,24.11,21.94,23.43,716772
2019-09-12,23.14,23.63,22.68,23.58,456980
2019-09-16,24.76,26.02,23.88,26.02,872518
2019-09-17,25.15,25.64,24.02,24.44,736466
2019-09-18,24.44,24.55,23.26,23.74,462243
2019-09-19,23.86,23.92,22.4,23.14,479032
2019-09-20,23.17,23.6,22.84,23.12,327349
2019-09-23,22.74,24.22,22.49,23.54,385092
2019-09-24,23.61,23.72,22.86,22.99,310672
2019-09-25,22.98,23.42,21.36,21.79,468096
2019-09-26,21.95,22.29,20.24,20.36,406457
2019-09-27,20.56,20.82,19.96,20.21,333784
2019-09-30,20.38,20.43,19.26,19.34,262272
2019-10-08,19.68,19.78,19.07,19.29,227958
2019-10-09,19.23,19.58,18.94,19.56,227011
2019-10-10,19.64,19.73,19.34,19.73,283478
2019-10-11,19.68,20.44,19.07,20.02,384853
2019-10-14,20.2,20.76,19.97,20.23,377087
2019-10-15,20.1,20.1,19.12,19.16,273404
2019-10-16,19.28,19.69,18.99,19.58,260870
2019-10-17,19.49,21.41,19.44,20.64,507033
2019-10-18,20.54,21.11,20.03,20.11,273144
2019-10-21,19.79,19.87,18.65,19.34,251120
2019-10-22,19.33,19.73,19.19,19.73,181911
2019-10-23,19.74,20.62,19.36,20.6,338406
2019-10-24,20.29,20.49,19.64,20.16,279641
2019-10-25,20.02,20.27,19.47,20.08,210463
2019-10-28,22.17,22.17,21.64,22.17,372311
2019-10-29,22.94,24.24,21.39,21.44,833603
2019-10-30,20.9,21.13,20.17,20.37,390140
2019-10-31,20.14,20.67,19.23,19.39,357066
2019-11-01,19.24,19.62,18.87,19.43,215643
2019-11-04,19.53,19.78,19.19,19.24,222018
2019-11-05,19.28,19.41,18.94,19.28,196588
2019-11-06,19.28,19.28,18.47,18.53,241740
2019-11-07,18.59,18.99,18.49,18.88,171958
2019-11-08,19.01,19.38,18.95,19.1,235975
2019-11-11,18.64,19.5,18.49,18.94,160552
2019-11-12,19.05,19.19,18.6,19.04,125410
2019-11-13,18.95,19.0,18.61,18.64,107260
2019-11-14,18.69,18.7,18.02,18.48,201073
2019-11-15,18.35,18.64,18.1,18.15,140933
2019-11-18,18.11,18.12,17.65,17.79,145374
2019-11-19,17.83,18.77,17.75,18.54,232498
2019-11-20,18.43,18.72,17.66,18.04,172975
2019-11-21,18.14,18.22,17.95,18.05,94009
2019-11-22,18.13,18.53,18.02,18.18,162120
2019-11-25,18.24,18.42,17.64,17.75,123259
2019-11-26,17.76,17.88,17.58,17.61,76777
2019-11-27,17.49,17.69,17.49,17.59,62575
2019-11-28,17.49,17.78,17.49,17.62,56101
2019-11-29,17.58,17.78,17.54,17.72,59533
2019-12-02,17.81,17.84,17.67,17.72,65343
2019-12-03,17.5,17.72,17.22,17.69,86368
2019-12-04,17.54,18.44,17.52,17.99,142726
2019-12-05,17.99,18.3,17.99,18.19,123425
2019-12-06,18.14,18.42,18.04,18.35,150880
2019-12-09,18.35,18.58,18.22,18.5,136782
2019-12-10,18.29,18.48,18.14,18.4,122116
2019-12-11,18.54,20.14,18.4,19.87,525009
2019-12-12,19.74,19.82,19.1,19.41,252333
2019-12-13,19.72,19.94,19.39,19.72,286108
2019-12-16,19.93,20.51,19.69,19.9,309209
2019-12-17,19.84,20.64,19.54,20.51,466102
2019-12-18,20.34,20.51,20.04,20.13,286468
2019-12-19,20.1,20.74,19.8,20.29,303249
2019-12-20,20.16,20.64,19.73,19.81,248113
2019-12-23,19.46,19.46,18.64,18.69,247946
2019-12-24,18.69,18.91,18.56,18.81,119278
2019-12-25,18.73,19.32,18.65,18.96,149890
2019-12-26,18.84,19.32,18.78,19.18,148472
2019-12-27,19.34,19.62,18.64,18.87,194661
2019-12-30,18.69,19.09,18.15,18.94,152247
2019-12-31,18.96,19.08,18.82,18.93,99653
2020-01-02,19.18,19.7,19.03,19.54,255209
2020-01-03,19.94,21.58,19.79,21.58,298620
2020-01-06,21.64,23.34,21.15,22.84,845143
2020-01-07,22.3,23.55,21.89,23.29,512547
2020-01-08,22.58,22.91,21.84,21.88,321099
2020-01-09,22.44,22.8,21.96,22.03,240484
2020-01-10,22.24,22.66,21.94,22.26,281105
2020-01-13,22.8,23.62,22.27,23.33,445785
2020-01-14,24.64,24.96,22.75,22.85,486310
2020-01-15,22.84,25.22,22.54,25.22,730028
2020-01-16,25.14,25.14,23.04,23.14,661945
2020-01-17,23.35,24.02,22.14,23.24,575135
2020-01-20,22.77,22.84,21.86,22.15,401045
2020-01-21,22.14,22.14,20.81,20.96,456599
2020-01-22,21.15,21.64,20.97,21.46,246880
2020-01-23,21.16,21.43,20.01,20.38,299028
2020-02-03,18.26,18.26,18.26,18.26,33416
2020-02-04,16.35,18.86,16.35,18.41,350775
2020-02-05,18.41,19.49,18.41,19.03,313818
2020-02-06,19.03,19.93,18.65,19.82,354897
2020-02-07,19.75,20.51,19.49,20.25,326811
2020-02-10,20.26,20.71,20.02,20.38,255623
2020-02-11,20.38,21.31,20.27,20.31,304782
2020-02-12,19.87,20.61,19.75,20.44,240375
2020-02-13,20.48,20.63,19.74,19.84,267285
2020-02-14,19.84,20.24,19.65,19.98,177352
2020-02-17,20.12,20.69,19.89,20.66,305029
2020-02-18,20.86,21.79,20.64,21.49,494841
2020-02-19,21.49,21.49,20.69,21.04,364946
2020-02-20,20.94,21.81,20.9,21.76,434677
2020-02-21,21.74,22.75,21.62,22.28,527546
2020-02-24,21.99,22.31,21.73,22.14,375521
2020-02-25,21.15,21.64,20.14,21.16,499616
2020-02-26,20.74,22.01,20.39,21.24,461875
2020-02-27,21.15,21.91,20.74,21.71,399553
2020-02-28,20.92,21.51,19.46,19.54,449791
2020-03-02,19.86,20.63,19.74,20.33,268006
2020-03-03,20.74,21.39,20.25,20.6,329865
2020-03-04,20.34,20.77,20.03,20.52,194957
2020-03-05,20.86,21.12,20.44,20.96,297640
2020-03-06,20.64,20.83,20.43,20.54,202413
2020-03-09,19.84,20.07,19.14,19.25,287891
2020-03-10,19.12,19.84,18.83,19.76,234031
2020-03-11,20.04,20.24,19.64,19.69,206620
2020-03-12,19.16,19.53,18.95,19.11,164100
2020-03-13,18.04,18.97,17.26,18.7,238623
2020-03-16,18.91,18.98,17.54,17.68,186343
2020-03-17,18.1,18.18,17.05,17.78,161426
2020-03-18,18.18,18.59,17.74,17.75,194809
2020-03-19,17.61,18.04,17.2,17.91,158584
2020-03-20,18.14,18.44,18.0,18.27,160448
2020-03-23,17.74,18.13,17.24,17.44,141851
2020-03-24,17.86,17.93,17.33,17.9,119249
2020-03-25,18.25,18.44,18.06,18.24,156465
2020-03-26,18.1,18.48,18.0,18.15,122520
2020-03-27,18.4,18.41,17.94,17.95,94675
2020-03-30,17.62,17.62,17.15,17.33,111109
2020-03-31,17.54,17.59,17.2,17.28,71217
2020-04-01,17.15,17.56,17.15,17.32,81660
2020-04-02,17.23,17.66,17.2,17.65,95232
2020-04-03,17.69,17.69,17.32,17.46,92310
2020-04-07,17.74,18.26,17.74,18.25,155172
2020-04-08,18.11,20.02,18.02,19.14,304090
2020-04-09,19.0,19.9,18.96,19.55,328462
2020-04-10,19.58,19.58,18.77,19.07,210068
2020-04-13,18.88,19.04,18.42,18.44,128091
2020-04-14,18.64,19.24,18.54,19.19,171657
2020-04-15,19.14,19.22,18.76,18.76,156628
2020-04-16,18.62,19.29,18.58,19.07,176697
2020-04-17,19.39,19.83,19.07,19.57,362949
2020-04-20,19.71,20.39,19.54,20.09,331734
2020-04-21,20.02,20.46,19.75,20.26,293173
2020-04-22,20.13,20.38,19.73,20.17,243211
2020-04-23,20.13,20.88,19.94,20.4,379746
2020-04-24,20.14,20.7,19.67,20.17,275098
2020-04-27,20.19,20.25,19.25,19.41,221677
2020-04-28,19.26,19.91,18.84,19.64,220726
2020-04-29,19.14,20.16,19.04,19.4,270784
2020-04-30,19.55,21.09,19.55,20.61,451547
2020-05-06,20.49,22.76,20.46,22.76,500348
2020-05-07,23.35,23.41,21.84,22.02,602714
2020-05-08,22.22,23.14,21.88,22.41,487081
2020-05-11,22.55,22.89,22.12,22.66,412138
2020-05-12,22.36,22.6,21.45,21.81,414599
2020-05-13,21.58,22.13,21.37,21.93,226090
2020-05-14,21.95,22.29,21.7,22.18,293385
2020-05-15,22.45,22.62,21.85,22.17,332901
2020-05-18,21.68,22.04,21.33,21.39,290302
2020-05-19,21.59,21.73,21.25,21.57,230946
2020-05-20,21.51,21.79,21.12,21.42,263758
2020-05-21,21.48,21.69,20.06,20.37,348966
2020-05-22,20.08,20.12,18.88,19.0,341737
2020-05-25,18.87,18.87,18.19,18.24,209680
2020-05-26,18.42,18.56,18.3,18.51,150930
2020-05-27,18.52,18.56,18.05,18.12,163937
2020-05-28,18.14,18.27,17.64,17.96,163208
2020-05-29,17.89,18.48,17.84,18.34,169284
2020-06-01,18.37,18.88,18.37,18.82,197897
2020-06-02,18.94,18.94,18.65,18.68,136616
2020-06-03,18.68,19.0,18.64,18.73,138412
2020-06-04,18.72,18.76,18.32,18.5,119536
2020-06-05,18.51,18.89,18.39,18.71,123301
2020-06-08,18.74,18.92,18.56,18.62,106720
2020-06-09,18.56,18.89,18.44,18.72,99329
2020-06-10,18.72,18.72,18.44,18.53,78660
2020-06-11,18.6,18.68,18.24,18.34,104229
2020-06-12,17.93,18.68,17.79,18.51,129621
2020-06-15,18.44,18.89,18.32,18.64,155863
2020-06-16,18.79,19.77,18.79,19.54,309927
2020-06-17,19.39,19.63,19.21,19.41,194740
2020-06-18,19.37,19.58,19.22,19.43,113569
2020-06-19,19.42,19.55,19.2,19.48,125649
2020-06-22,19.48,19.7,19.31,19.42,130456
2020-06-23,19.37,19.76,19.31,19.56,141857
2020-06-24,19.62,19.67,19.37,19.39,99823
2020-06-29,19.35,19.35,18.59,18.59,162506
2020-06-30,18.75,19.08,18.7,18.97,117878
2020-07-01,20.14,20.95,19.75,20.35,652881
2020-07-02,19.79,19.96,19.24,19.9,471921
2020-07-03,19.81,20.32,19.64,19.98,294683
2020-07-06,20.54,21.59,20.17,21.19,464885
2020-07-07,21.51,22.23,21.14,21.55,496303
2020-07-08,21.55,22.05,21.26,21.81,379074
2020-07-09,21.71,22.98,21.64,22.32,433630
2020-07-10,22.2,23.2,21.74,21.79,468615
2020-07-13,21.8,22.59,21.69,22.53,363478
2020-07-14,22.74,23.09,22.01,22.54,419181
2020-07-15,22.64,22.82,21.05,21.16,383256
2020-07-16,20.97,21.44,19.59,19.83,346297
2020-07-17,19.69,20.04,19.07,19.44,282374
2020-07-20,19.54,19.96,19.35,19.95,216273
2020-07-21,19.97,20.24,19.63,19.81,184804
2020-07-22,19.85,20.23,19.64,19.95,192083
2020-07-23,19.64,19.8,19.02,19.56,235241
2020-07-24,19.57,19.8,18.77,18.82,234230
2020-07-27,18.87,19.03,18.38,18.73,140858
2020-07-28,18.85,19.11,18.62,18.85,117923
2020-07-29,18.82,19.25,18.54,19.24,149578
2020-07-30,19.25,19.34,18.92,18.97,136362
2020-07-31,18.99,19.27,18.88,19.14,133324
2020-08-03,19.21,20.85,19.2,20.45,351035
2020-08-04,20.35,20.41,19.78,19.9,234362
2020-08-05,19.82,20.0,19.55,19.9,136038
2020-08-06,19.86,20.5,19.72,20.29,287190
2020-08-07,20.09,20.28,19.52,19.77,159637
2020-08-10,19.73,20.55,19.68,20.27,227654
2020-08-11,20.27,20.36,19.61,19.64,178413
2020-08-12,19.57,19.63,18.86,19.24,178119
2020-08-13,19.24,19.37,19.13,19.17,99435
2020-08-14,19.13,19.94,18.27,19.77,157009
2020-08-17,19.67,20.55,19.66,20.37,296214
2020-08-18,20.28,20.7,20.13,20.24,197495
2020-08-19,20.26,20.57,19.97,20.12,188738
2020-08-20,19.86,20.36,19.74,19.97,126468
2020-08-21,20.12,20.48,19.98,20.27,157995
2020-08-24,20.3,20.53,20.07,20.13,137999
2020-08-25,20.15,20.3,19.67,19.8,144390
2020-08-26,19.8,19.81,19.08,19.22,147580
2020-08-27,19.22,19.42,19.1,19.34,73643
2020-08-28,19.17,19.47,18.97,19.42,111371
2020-08-31,19.45,19.72,19.17,19.18,109763
2020-09-01,19.18,19.37,19.07,19.3,68051
2020-09-02,19.39,19.4,18.97,19.21,99313
2020-09-03,19.23,19.29,18.96,19.02,84311
2020-09-04,18.78,19.02,18.65,18.97,75003
2020-09-07,18.95,19.49,18.88,18.93,151725
2020-09-08,18.93,19.12,18.77,18.95,93761
2020-09-09,18.77,18.86,18.29,18.38,124067
2020-09-10,18.55,18.58,18.07,18.12,90913
2020-09-11,17.94,18.27,17.94,18.26,54803
2020-09-14,18.28,18.37,18.04,18.16,60024
2020-09-15,18.16,18.26,17.99,18.24,58242
2020-09-16,18.23,18.26,17.93,18.0,57219
2020-09-17,17.96,18.16,17.67,17.97,61162
2020-09-18,17.95,18.35,17.88,18.19,72998
2020-09-21,18.26,18.54,18.23,18.32,57593
2020-09-22,18.2,18.22,17.93,18.02,51282
2020-09-23,18.02,18.16,18.0,18.06,32571
2020-09-24,17.98,17.99,17.72,17.74,55600
2020-09-25,17.84,18.42,17.7,17.99,57026
2020-09-28,18.04,18.47,18.04,18.17,60417
2020-09-29,18.19,18.35,18.08,18.09,49592
2020-09-30,18.2,18.2,17.75,17.81,50283
2020-10-09,18.08,18.27,18.0,18.13,49286
2020-10-12,18.13,18.55,18.13,18.52,98381
2020-10-13,18.46,18.46,18.25,18.34,62920
2020-10-14,18.37,18.37,18.04,18.09,59016
2020-10-15,18.09,18.13,17.9,17.96,42901
2020-10-16,18.07,18.07,17.87,18.04,34747
2020-10-19,17.99,18.14,17.83,17.91,53282
2020-10-20,17.88,18.02,17.76,18.02,40195
2020-10-21,18.04,18.04,17.78,17.85,34153
2020-10-22,17.84,18.01,17.69,17.92,40669
2020-10-23,17.93,18.02,17.75,17.77,45072
2020-10-26,17.75,17.75,17.2,17.26,80661
2020-10-27,17.17,17.25,16.6,16.76,83799
2020-10-28,16.87,17.04,16.78,16.95,45231
2020-10-29,16.76,16.92,16.67,16.78,45821
2020-10-30,16.81,16.86,15.97,15.99,120153
2020-11-02,15.99,16.05,15.33,15.78,71876
2020-11-03,15.86,16.25,15.86,16.18,56217
2020-11-04,16.22,16.27,15.89,16.06,38356
2020-11-05,16.15,16.41,16.1,16.3,51398
2020-11-06,16.37,16.45,16.2,16.31,41913
2020-11-09,16.28,16.62,16.28,16.52,94846
2020-11-10,16.54,16.57,16.18,16.25,62519
2020-11-11,16.17,16.25,15.94,15.98,47198
2020-11-12,15.99,16.12,15.97,16.05,33584
2020-11-13,16.07,16.08,15.77,15.97,46811
2020-11-16,15.96,16.11,15.93,16.01,31628
2020-11-17,16.01,16.02,15.77,15.85,41335
2020-11-18,15.95,16.05,15.85,15.94,32852
2020-11-19,15.91,16.01,15.74,15.99,35135
2020-11-20,16.02,16.2,15.95,16.16,51053
2020-11-23,16.2,16.25,15.85,16.05,60141
2020-11-24,16.03,16.74,15.95,16.5,101122
2020-11-25,16.49,16.61,16.28,16.31,61849
2020-11-26,16.27,16.5,16.25,16.47,50206
2020-11-27,16.5,16.86,16.38,16.84,87947
2020-11-30,16.87,17.15,16.63,16.9,114560
2020-12-01,16.92,17.04,16.67,16.77,113375
2020-12-02,16.77,16.83,16.35,16.5,98105
2020-12-03,16.52,16.61,16.38,16.52,56959
2020-12-04,16.52,16.53,16.36,16.46,40452
2020-12-07,16.46,16.5,16.35,16.4,31167
2020-12-08,16.37,16.47,16.21,16.3,41271
2020-12-09,16.26,16.32,15.96,15.98,45491
2020-12-10,15.97,16.1,15.89,16.02,28832
2020-12-11,16.03,16.07,15.69,15.82,47337
2020-12-14,15.82,15.92,15.71,15.85,28077
2020-12-15,15.85,17.51,15.76,16.92,171332
2020-12-16,16.62,16.86,16.47,16.55,79060
2020-12-17,16.63,16.83,16.48,16.65,79168
2020-12-18,16.53,16.79,16.46,16.65,56311
2020-12-21,17.12,17.16,16.75,16.82,74156
2020-12-22,16.8,16.82,16.34,16.37,63419
2020-12-23,16.33,16.55,16.26,16.32,49766
2020-12-24,16.44,16.45,15.94,15.96,46924
2020-12-25,15.99,16.11,15.88,16.03,41465
2020-12-28,16.1,16.16,15.74,15.77,57263
2020-12-29,15.75,16.12,15.74,15.92,59116
2020-12-30,15.8,15.91,15.69,15.88,67937
2020-12-31,15.93,16.23,15.89,16.17,92420
2021-01-04,16.2,16.55,16.09,16.35,99843
2021-01-05,16.32,16.62,16.22,16.62,100974
2021-01-06,16.61,16.61,16.19,16.31,80753
2021-01-07,16.31,16.31,15.74,15.93,90962
2021-01-08,15.92,16.51,15.74,16.24,98900
2021-01-11,16.25,16.55,16.06,16.17,96095
2021-01-12,16.15,16.47,15.99,16.42,92907
2021-01-13,16.39,17.32,16.22,16.78,228002
2021-01-14,16.71,17.23,16.63,16.81,166148
2021-01-15,16.68,17.19,16.68,16.95,120899
2021-01-18,16.95,17.19,16.87,16.87,107116
2021-01-19,16.94,17.16,16.66,16.97,118178
2021-01-20,16.96,16.97,16.65,16.67,87870
2021-01-21,16.72,16.76,16.36,16.45,102494
2021-01-22,16.47,16.5,16.02,16.04,91456
2021-01-25,15.97,16.31,15.85,16.01,78584
2021-01-26,16.01,16.14,15.89,15.96,60355
2021-01-27,16.03,16.96,15.97,16.49,159955
2021-01-28,16.27,16.85,16.23,16.49,114736
2021-01-29,16.63,17.16,16.52,16.73,170572
2021-02-01,17.12,17.12,16.56,16.66,100109
2021-02-02,16.65,16.65,16.08,16.26,129698
2021-02-03,16.27,16.77,16.12,16.47,112399
2021-02-04,16.53,16.59,15.77,15.94,148067
2021-02-05,15.87,16.11,15.83,16.01,68586
2021-02-08,16.05,16.5,15.97,16.38,86908
2021-02-09,16.41,16.53,16.22,16.45,77631
2021-02-10,16.36,16.5,16.22,16.44,91281
2021-02-18,16.71,17.08,16.62,16.77,150474
2021-02-19,16.84,18.52,16.78,18.52,466635
2021-02-22,18.87,19.27,18.27,19.06,487909
2021-02-23,18.68,18.85,17.97,18.2,312689
2021-02-24,18.17,18.75,18.06,18.69,283811
2021-02-25,18.67,18.96,18.28,18.73,227517
2021-02-26,18.29,18.64,18.08,18.36,191130
2021-03-01,18.47,18.54,18.07,18.52,192347
2021-03-02,18.56,19.06,18.18,18.43,202444
2021-03-03,18.18,18.71,18.08,18.57,191050
2021-03-04,18.4,18.41,17.07,17.16,297455
2021-03-05,16.82,16.92,16.52,16.67,194411
2021-03-08,16.72,16.78,16.12,16.17,172772
2021-03-09,16.15,16.4,15.89,16.09,110565
2021-03-10,16.15,16.31,15.97,16.05,87140
2021-03-11,16.1,16.25,15.87,16.22,84776
2021-03-12,16.18,16.25,15.93,15.98,84108
2021-03-15,15.92,15.94,15.47,15.54,118051
2021-03-16,15.52,15.81,15.48,15.74,66050
2021-03-17,15.74,15.74,15.54,15.66,54487
2021-03-18,15.67,15.77,15.61,15.7,54897
2021-03-19,15.56,15.77,15.45,15.77,61603
2021-03-22,15.69,16.63,15.67,16.32,148939
2021-03-23,16.25,16.52,16.09,16.1,114461
2021-03-24,16.02,16.22,15.85,16.1,69344
2021-03-25,16.01,16.57,15.97,16.33,105899
2021-03-26,16.27,16.44,16.16,16.22,81541
2021-03-29,16.27,16.27,15.9,15.93,86055
2021-03-30,15.88,15.92,15.72,15.75,62958
2021-03-31,15.8,15.92,15.76,15.82,38471
2021-04-01,15.77,15.88,15.73,15.8,36617
2021-04-02,15.79,16.12,15.75,16.0,71048
2021-04-06,15.97,16.33,15.93,16.12,62349
2021-04-07,16.1,16.13,15.93,15.96,57786
2021-04-08,15.92,16.01,15.83,15.85,44925
2021-04-09,15.88,15.94,15.77,15.78,38252
2021-04-12,15.7,15.76,15.51,15.65,48917
2021-04-13,15.62,16.07,15.59,15.87,72817
2021-04-14,15.92,16.05,15.82,15.93,41559
2021-04-15,15.97,16.2,15.91,16.04,57830
2021-04-16,16.17,16.58,16.0,16.44,151391
2021-04-19,16.52,17.06,16.39,16.68,161750
2021-04-20,16.51,17.72,16.48,17.2,214665
2021-04-21,17.02,17.52,16.86,17.08,159663
2021-04-22,17.08,17.42,16.98,17.18,124453
2021-04-23,17.27,17.35,16.91,17.01,119104
2021-04-26,17.04,17.12,16.57,16.62,140029
2021-04-27,16.5,16.76,16.23,16.4,96667
2021-04-28,16.36,16.63,16.18,16.48,69117
2021-04-29,16.47,16.48,16.12,16.19,83618
2021-04-30,15.97,16.17,15.66,15.92,120526
2021-05-06,15.98,16.46,15.87,16.12,103902
2021-05-07,16.12,17.44,16.04,16.94,236753
2021-05-10,17.0,17.23,16.75,17.16,181496
2021-05-11,16.95,17.37,16.6,16.91,156261
2021-05-12,16.77,18.44,16.77,17.84,353742
2021-05-13,17.66,18.29,17.29,17.47,305486
2021-05-14,17.47,18.27,17.32,17.84,313688
2021-05-17,17.77,18.94,17.68,18.33,367215
2021-05-18,18.27,18.6,18.02,18.23,234582
2021-05-19,17.89,18.28,17.88,17.97,180218
2021-05-20,17.96,18.22,17.72,18.08,201720
2021-05-21,18.07,18.65,17.77,17.81,227206
2021-05-24,17.71,18.43,17.67,18.43,239071
2021-05-25,18.38,18.8,18.02,18.65,306181
2021-05-26,18.82,19.13,17.77,17.91,368980
2021-05-27,17.94,19.19,17.88,18.85,462983
2021-05-28,19.04,19.05,17.92,18.19,358674
2021-05-31,17.96,18.19,17.7,18.07,176757
2021-06-01,18.07,19.24,17.88,18.52,446916
2021-06-02,18.15,18.47,16.74,16.89,522570
2021-06-03,16.67,16.76,16.38,16.5,193293
2021-06-04,16.5,16.63,16.39,16.54,104759
2021-06-07,16.61,16.82,16.37,16.7,107656
2021-06-08,16.69,16.71,16.45,16.45,101793
2021-06-09,16.44,16.64,16.44,16.5,61732
2021-06-10,16.58,16.62,16.41,16.51,79879
2021-06-11,16.48,16.58,16.01,16.38,154072
2021-06-15,16.38,16.49,16.05,16.12,99001
2021-06-16,16.09,16.36,15.95,16.21,71075
2021-06-17,16.21,16.39,16.07,16.25,57812
2021-06-18,16.25,16.52,16.17,16.42,90392
2021-06-21,16.37,16.53,16.27,16.5,66724
2021-06-22,16.46,16.51,16.29,16.35,72961
2021-06-23,16.38,16.45,16.08,16.45,106117
2021-06-24,16.36,16.47,16.19,16.24,80554
2021-06-25,16.23,16.43,16.13,16.38,76135
2021-06-28,16.47,16.48,16.3,16.39,74235
2021-06-29,16.42,16.47,16.28,16.3,86278
2021-06-30,16.25,16.48,16.23,16.46,101940
2021-07-01,16.3,16.42,15.55,15.55,276469
2021-07-02,15.46,15.52,14.32,14.67,223886
2021-07-05,14.57,14.78,14.47,14.57,71500
2021-07-06,14.55,14.55,14.37,14.46,68661
2021-07-07,14.47,14.58,14.4,14.49,51040
2021-07-08,14.49,14.5,14.04,14.08,112735
2021-07-09,14.09,14.2,14.02,14.1,58478
2021-07-12,14.26,14.36,14.12,14.19,71027
2021-07-13,14.28,14.28,14.08,14.18,55838
2021-07-14,14.18,14.19,13.85,13.88,80221
2021-07-15,13.89,13.91,13.32,13.72,92356
2021-07-16,13.74,13.76,13.5,13.62,51884
2021-07-19,13.62,13.68,13.4,13.47,44149
2021-07-20,13.4,13.67,13.39,13.55,39133
2021-07-21,13.55,13.67,13.47,13.57,48519
2021-07-22,13.57,13.67,13.49,13.66,47495
2021-07-23,13.64,13.66,13.43,13.48,64918
2021-07-26,13.43,13.44,12.62,12.72,126367
2021-07-27,12.77,12.79,12.35,12.59,110611
2021-07-28,12.58,12.58,11.82,11.82,120677
2021-07-29,11.94,12.12,11.82,11.91,86710
2021-07-30,11.87,12.03,11.58,11.99,78508
2021-08-02,11.93,12.32,11.82,12.21,86345
2021-08-03,12.21,13.49,12.11,13.49,280977
2021-08-04,13.43,13.43,12.91,13.17,194258
2021-08-05,13.08,13.08,12.82,12.84,99208
2021-08-06,12.83,12.84,12.34,12.51,100304
2021-08-09,12.56,12.74,12.52,12.72,64077
2021-08-10,12.65,13.17,12.59,12.99,121705
2021-08-11,13.04,13.13,12.86,13.04,82878
2021-08-12,13.07,13.14,12.83,12.87,59867
2021-08-13,12.83,12.9,12.62,12.68,45079
2021-08-16,12.73,12.85,12.65,12.69,38546
2021-08-17,12.76,12.78,12.38,12.42,56134
2021-08-18,12.43,12.84,12.33,12.74,65419
2021-08-19,12.74,12.8,12.62,12.68,34871
2021-08-20,12.64,12.64,12.4,12.51,37835
2021-08-23,12.52,12.78,12.52,12.69,40633
2021-08-24,12.7,12.8,12.53,12.68,47021
2021-08-25,12.66,12.77,12.65,12.71,39570
2021-08-26,12.75,12.78,12.56,12.58,43366
2021-08-27,12.44,12.49,12.33,12.4,57839
2021-08-30,12.48,12.88,12.48,12.76,96505
2021-08-31,12.81,12.81,12.41,12.73,64274
2021-09-01,12.65,13.33,12.59,13.13,162517
2021-09-02,13.19,13.19,12.93,13.01,79294
2021-09-03,13.26,13.58,13.0,13.06,127696
2021-09-06,13.03,13.22,12.73,13.07,85999
2021-09-07,13.03,13.11,12.94,13.1,62631
2021-09-08,13.12,13.71,13.11,13.57,162594
2021-09-09,13.43,13.47,13.16,13.28,100334
2021-09-10,13.27,13.63,13.23,13.4,105209
2021-09-13,13.29,13.53,13.13,13.38,73742
2021-09-14,13.38,13.61,13.02,13.13,98891
2021-09-15,13.41,13.87,13.28,13.61,180679
2021-09-16,13.53,13.62,13.23,13.28,103762
2021-09-17,13.33,13.41,13.07,13.29,58519
2021-09-22,13.13,13.53,12.93,13.24,65999
2021-09-23,13.37,13.48,13.25,13.31,57011
2021-09-24,13.25,13.48,13.15,13.3,61983
2021-09-27,13.31,13.4,12.62,12.67,101137
2021-09-28,12.66,12.73,12.51,12.65,32564
2021-09-29,12.57,12.61,12.28,12.53,59245
2021-09-30,12.54,12.68,12.47,12.6,33763
2021-10-08,12.64,12.91,12.63,12.81,52923
2021-10-11,13.62,13.68,13.06,13.11,112271
2021-10-12,12.92,13.1,12.81,12.91,62037
2021-10-13,12.92,13.14,12.88,13.05,44194
2021-10-14,13.01,13.04,12.82,12.84,38925
2021-10-15,12.8,12.93,12.74,12.93,33599
2021-10-18,12.87,12.87,12.69,12.73,39070
2021-10-19,12.66,12.8,12.64,12.73,31695
2021-10-20,12.76,12.79,12.61,12.63,33114
2021-10-21,12.66,12.83,12.53,12.83,30953
2021-10-22,12.71,12.8,12.61,12.68,27800
2021-10-25,12.63,12.74,12.55,12.62,23687
2021-10-26,12.67,12.68,12.54,12.58,23563
2021-10-27,12.62,12.62,12.33,12.36,34056
2021-10-28,12.28,12.4,11.98,12.21,37314
2021-10-29,12.18,12.61,12.15,12.53,42536
2021-11-01,12.56,12.78,12.43,12.62,43775
2021-11-02,12.58,12.74,12.38,12.5,41051
2021-11-03,12.51,12.67,12.51,12.57,36400
2021-11-04,12.59,12.68,12.58,12.67,29816
2021-11-05,12.68,13.19,12.65,13.02,134661
2021-11-08,12.98,12.99,12.71,12.8,64717
2021-11-09,12.82,13.02,12.78,12.87,50465
2021-11-10,12.82,13.07,12.78,12.97,54196
2021-11-11,12.93,13.28,12.93,13.23,119014
2021-11-12,13.23,13.28,13.07,13.23,65819
2021-11-15,13.22,13.37,13.11,13.33,72597
2021-11-16,13.34,13.55,13.03,13.1,98920
2021-11-17,13.14,13.33,12.98,13.23,90641
2021-11-18,13.19,13.31,12.93,12.96,71049
2021-11-19,13.0,13.11,12.63,12.97,95199
2021-11-22,12.97,13.02,12.75,12.8,66774
2021-11-23,12.8,12.8,12.58,12.68,69724
2021-11-24,12.63,12.78,12.6,12.71,56074
2021-11-25,12.73,12.75,12.59,12.61,45139
2021-11-26,12.59,12.67,12.49,12.62,47838
2021-11-29,12.43,12.52,12.23,12.36,77929
2021-11-30,12.39,12.64,12.36,12.48,63848
2021-12-01,12.5,12.68,12.41,12.63,53235
2021-12-02,12.62,12.67,12.47,12.5,49920
2021-12-03,12.55,12.58,12.46,12.53,37192
2021-12-06,12.51,12.56,12.44,12.47,39600
2021-12-07,12.49,12.55,12.41,12.45,35320
2021-12-08,12.45,12.65,12.42,12.6,52618
2021-12-09,12.59,12.72,12.54,12.67,56088
2021-12-10,12.67,12.76,12.59,12.66,65285
2021-12-13,12.7,12.92,12.63,12.87,104527
2021-12-14,12.85,13.17,12.78,12.96,139634
2021-12-15,12.98,13.95,12.98,13.85,493791
2021-12-16,13.87,14.44,13.71,13.95,465727
2021-12-17,13.76,14.21,13.41,13.74,324007
2021-12-20,13.48,13.89,13.34,13.34,203646
2021-12-21,13.39,13.42,13.13,13.32,128966
2021-12-22,13.29,14.29,13.27,13.93,286966
2021-12-23,13.86,13.9,13.43,13.48,173395
2021-12-24,13.41,13.9,13.38,13.53,153024
2021-12-27,13.52,13.63,13.23,13.27,96258
2021-12-28,13.28,13.56,13.27,13.37,101060
2021-12-29,13.48,13.49,13.16,13.33,82968
2021-12-30,13.33,13.77,13.3,13.61,147502
2021-12-31,13.61,14.11,13.52,13.85,183101
2022-01-04,13.96,14.3,13.85,14.11,224562
2022-01-05,14.02,14.26,13.77,14.14,254274
2022-01-06,14.12,14.12,13.63,13.84,161162
2022-01-07,13.85,14.28,13.65,13.67,152843
2022-01-10,13.65,14.09,13.23,13.88,154899
2022-01-11,13.83,13.91,13.5,13.57,98937
2022-01-12,13.57,13.73,13.52,13.6,96834
2022-01-13,13.63,13.7,13.31,13.33,92822
2022-01-14,13.39,13.47,13.17,13.17,80708
2022-01-17,13.18,13.98,13.18,13.79,195548
2022-01-18,13.86,14.07,13.56,13.58,118823
2022-01-19,13.6,13.86,13.54,13.67,96173
2022-01-20,13.63,13.72,13.28,13.32,104582
2022-01-21,13.34,13.42,13.03,13.32,97195
2022-01-24,13.32,13.37,12.94,13.05,80241
2022-01-25,13.03,13.04,12.11,12.13,162184
2022-01-26,12.17,12.36,12.1,12.31,71079
2022-01-27,12.29,12.31,11.93,12.0,75761
2022-01-28,12.12,12.34,11.84,12.26,81236
2022-02-07,12.48,12.56,12.33,12.38,60540
2022-02-08,12.39,12.62,12.28,12.61,50191
2022-02-09,12.55,12.72,12.48,12.65,54959
2022-02-10,12.63,12.71,12.55,12.68,47176
2022-02-11,12.6,12.71,12.49,12.53,50224
2022-02-14,12.43,12.78,12.38,12.67,65724
2022-02-15,12.55,12.79,12.55,12.67,43919
2022-02-16,12.74,12.94,12.63,12.8,70978
2022-02-17,12.74,12.82,12.57,12.61,55511
2022-02-18,12.54,12.76,12.53,12.75,52857
2022-02-21,12.83,14.08,12.69,14.08,564282
2022-02-22,13.57,13.77,13.44,13.52,418891
2022-02-23,13.51,13.79,13.47,13.57,217821
2022-02-24,13.51,13.66,12.71,12.91,257252
2022-02-25,13.03,13.14,12.76,12.82,150768
2022-02-28,12.81,12.96,12.43,12.94,134143
2022-03-01,12.94,13.25,12.86,13.23,147476
2022-03-02,13.1,13.49,12.94,13.33,163690
2022-03-03,13.3,13.53,13.18,13.27,155797
2022-03-04,13.19,13.28,12.93,13.13,130005
2022-03-07,12.99,13.05,12.45,12.49,128604
2022-03-08,12.43,12.56,12.04,12.04,132774
2022-03-09,12.11,12.18,10.88,11.31,186915
2022-03-10,11.53,11.62,11.25,11.32,110680
2022-03-11,11.09,11.35,10.76,11.29,117170
2022-03-14,11.11,11.2,10.73,10.73,104696
2022-03-15,10.72,10.72,9.64,9.87,142583
2022-03-16,10.01,10.29,9.69,10.24,114197
2022-03-17,10.39,10.66,10.34,10.42,89727
2022-03-18,10.38,10.6,10.31,10.49,62086
2022-03-21,10.5,10.58,10.35,10.48,61537
2022-03-22,10.48,10.6,10.36,10.5,58587
2022-03-23,10.53,10.62,10.46,10.53,58252
2022-03-24,10.46,10.47,10.29,10.33,48946
2022-03-25,10.33,10.55,10.33,10.38,50642
2022-03-28,10.3,10.51,10.18,10.45,50578
2022-03-29,10.46,10.51,10.31,10.36,44087
2022-03-30,10.38,10.47,10.34,10.47,55505
2022-03-31,10.39,10.5,10.38,10.43,41852
2022-04-01,10.39,10.6,10.28,10.59,65934
2022-04-06,10.54,10.86,10.49,10.85,88887
2022-04-07,10.74,10.81,10.53,10.53,62049
2022-04-08,10.53,10.58,10.18,10.34,57649
2022-04-11,10.29,10.3,9.68,9.75,109786
2022-04-12,9.78,10.05,9.64,10.03,59393
2022-04-13,9.95,9.96,9.82,9.84,39314
2022-04-14,9.92,9.96,9.81,9.89,36035
2022-04-15,9.88,9.91,9.69,9.71,46709
2022-04-18,9.66,9.69,9.47,9.57,50591
2022-04-19,9.53,9.69,9.52,9.63,38159
2022-04-20,9.79,9.84,9.49,9.52,59011
2022-04-21,9.52,9.56,9.13,9.16,76156
2022-04-22,9.15,9.22,8.98,9.15,47251
2022-04-25,9.07,9.07,8.38,8.4,96455
2022-04-26,8.42,8.46,8.09,8.1,69046
2022-04-27,7.97,8.37,7.71,8.35,83162
2022-04-28,8.25,8.32,8.04,8.25,50445
2022-04-29,8.28,8.69,8.26,8.64,83299
2022-05-05,8.62,8.67,8.43,8.55,58429
2022-05-06,8.35,8.63,8.29,8.43,48202
2022-05-09,8.46,8.6,8.42,8.5,37099
2022-05-10,8.42,8.62,8.35,8.6,43946
2022-05-11,8.61,8.81,8.57,8.58,64310
2022-05-12,8.55,8.71,8.46,8.66,49487
2022-05-13,8.71,8.78,8.54,8.66,39819
2022-05-16,8.74,8.8,8.61,8.71,52632
2022-05-17,8.76,8.78,8.58,8.69,32241
2022-05-18,8.81,8.88,8.73,8.82,56845
2022-05-19,8.73,8.74,8.63,8.71,42662
2022-05-20,8.71,9.04,8.71,8.97,70269
2022-05-23,9.24,9.92,9.16,9.92,309748
2022-05-24,9.63,9.78,9.09,9.14,275677
2022-05-25,9.24,9.42,9.04,9.33,137702
2022-05-26,9.34,9.5,9.13,9.5,118883
2022-05-27,9.49,9.66,9.25,9.38,125516
2022-05-30,9.38,9.5,9.27,9.43,93401
2022-05-31,9.39,9.56,9.31,9.53,103286
2022-06-01,9.5,10.54,9.44,10.1,327610
2022-06-02,9.92,10.4,9.92,10.22,189804
2022-06-06,10.06,10.26,9.98,10.16,115410
2022-06-07,10.12,10.23,9.88,9.94,92819
2022-06-08,10.01,10.4,9.8,10.11,143733
2022-06-09,10.11,10.11,9.76,9.88,88257
2022-06-10,9.78,10.07,9.73,10.0,72556
2022-06-13,9.92,10.02,9.79,9.91,59074
2022-06-14,9.83,9.95,9.52,9.95,78309
2022-06-15,9.92,10.4,9.88,10.28,168170
2022-06-16,10.33,10.54,10.18,10.35,135630
2022-06-17,10.25,10.36,10.1,10.31,79445
2022-06-20,10.43,10.43,10.11,10.26,67179
2022-06-21,10.26,10.51,10.21,10.31,88015
2022-06-22,10.29,10.36,9.98,9.99,67363
2022-06-23,10.06,10.35,10.03,10.28,95743
2022-06-24,10.34,10.41,10.19,10.28,82082
2022-06-27,10.33,10.6,10.31,10.34,101028
2022-06-28,10.35,10.55,10.27,10.54,80158
2022-06-29,10.5,10.7,10.43,10.48,99732
2022-06-30,10.48,10.86,10.46,10.63,99792
2022-07-01,10.84,10.86,10.39,10.45,69971
2022-07-04,10.55,10.56,10.28,10.34,52984
2022-07-05,10.41,10.43,10.02,10.17,82952
2022-07-06,10.17,10.17,9.91,10.0,45948
2022-07-07,10.01,10.28,9.98,10.1,55361
2022-07-08,10.11,10.22,10.07,10.11,49363
2022-07-11,10.05,10.05,9.84,9.95,49276
2022-07-12,10.01,10.01,9.85,9.87,34792
2022-07-13,9.93,10.0,9.86,9.92,27948
2022-07-14,9.95,10.17,9.87,10.13,51227
2022-07-15,10.08,10.11,9.73,9.76,50368
2022-07-18,9.77,10.48,9.76,10.22,83902
2022-07-19,10.23,10.37,10.18,10.33,72730
2022-07-20,10.33,10.47,10.3,10.43,56476
2022-07-21,10.46,10.53,10.33,10.36,46309
2022-07-22,10.46,10.46,10.18,10.29,39809
2022-07-25,10.32,10.43,10.24,10.28,30508
2022-07-26,10.28,10.41,10.19,10.33,30606
2022-07-27,10.34,10.43,10.29,10.33,28204
2022-07-28,10.34,10.48,10.32,10.34,34485
2022-07-29,10.34,10.36,10.18,10.19,35363
2022-08-01,10.25,10.3,10.14,10.3,34470
2022-08-02,10.2,10.24,9.55,9.71,105648
2022-08-03,9.65,9.96,9.65,9.66,51314
2022-08-04,9.7,9.9,9.64,9.86,45462
2022-08-05,9.9,10.65,9.84,10.49,136978
2022-08-08,10.51,10.57,10.35,10.47,74941
2022-08-09,10.49,10.5,10.29,10.46,43795
2022-08-10,10.41,10.65,10.36,10.45,42577
2022-08-11,10.51,10.83,10.45,10.66,101961
2022-08-12,10.71,10.78,10.63,10.69,62035
2022-08-15,10.69,10.73,10.52,10.64,47376
2022-08-16,10.58,10.68,10.48,10.55,50452
2022-08-17,10.6,10.76,10.49,10.72,58892
2022-08-18,10.73,10.76,10.53,10.63,49112
2022-08-19,10.77,11.18,10.6,10.62,216905
2022-08-22,10.46,11.26,10.32,11.07,223970
2022-08-23,10.97,11.14,10.9,11.08,121484
2022-08-24,11.05,11.33,10.99,11.08,164054
2022-08-25,11.07,11.5,10.94,11.42,194882
2022-08-26,11.27,11.8,11.18,11.63,211365
2022-08-29,11.54,11.72,11.27,11.63,168521
2022-08-30,11.56,11.77,11.44,11.56,114123
2022-08-31,11.54,12.46,11.31,11.35,367864
2022-09-01,11.31,11.82,11.09,11.24,210418
2022-09-02,11.26,11.67,11.14,11.58,179086
2022-09-05,11.54,11.55,11.28,11.42,105148
2022-09-06,11.39,11.5,11.19,11.42,102229
2022-09-07,11.37,11.37,10.87,10.97,163675
2022-09-08,11.01,11.32,10.94,10.99,99153
2022-09-09,10.97,11.1,10.84,11.0,76285
2022-09-13,11.09,11.22,10.94,10.99,62372
2022-09-14,10.83,11.18,10.74,11.03,91112
2022-09-15,11.06,11.67,10.99,11.21,237107
2022-09-16,11.13,11.32,10.92,10.97,138714
2022-09-19,10.8,10.97,10.42,10.76,116035
2022-09-20,10.84,11.09,10.79,10.88,73671
2022-09-21,10.9,11.29,10.71,11.25,125256
2022-09-22,11.21,11.37,11.09,11.14,91826
2022-09-23,11.22,11.25,10.85,10.86,90022
2022-09-26,10.78,11.07,10.66,10.66,106604
2022-09-27,10.7,11.08,10.68,11.06,100216
2022-09-28,11.09,11.23,10.8,10.81,86810
2022-09-29,10.94,11.07,9.68,9.76,304695
2022-09-30,9.69,9.98,9.56,9.86,138796
2022-10-10,9.89,9.97,9.74,9.8,93660
2022-10-11,9.78,9.87,9.59,9.81,65616
2022-10-12,9.82,10.02,9.58,10.01,81213
2022-10-13,10.05,10.49,9.84,10.35,148985
2022-10-14,10.35,10.6,10.28,10.56,141769
2022-10-17,10.52,10.78,10.42,10.6,133842
2022-10-18,10.58,10.63,10.3,10.3,105680
2022-10-19,10.26,10.35,10.09,10.13,78522
2022-10-20,10.11,10.24,9.95,9.99,78905
2022-10-21,9.87,9.94,9.4,9.51,192310
2022-10-24,9.51,9.54,8.96,9.09,172622
2022-10-25,9.04,9.09,8.85,8.95,92714
2022-10-26,8.97,9.23,8.96,9.06,88538
2022-10-27,9.1,9.23,9.04,9.14,82286
2022-10-28,9.11,9.12,8.74,8.79,82122
2022-10-31,8.78,9.19,8.78,9.06,90847
2022-11-01,9.04,9.23,9.04,9.21,86174
2022-11-02,9.23,9.5,9.23,9.41,123695
2022-11-03,9.3,9.62,9.24,9.45,107755
2022-11-04,9.43,9.7,9.4,9.61,115251
2022-11-07,9.61,9.97,9.49,9.82,139191
2022-11-08,9.83,9.98,9.76,9.95,95642
2022-11-09,9.87,9.99,9.82,9.86,60724
2022-11-10,9.79,10.17,9.77,10.09,85397
2022-11-11,10.23,10.33,9.99,10.01,85671
2022-11-14,10.02,10.09,9.92,10.06,63654
2022-11-15,10.06,10.25,10.02,10.19,71888
2022-11-16,10.19,10.5,10.18,10.36,86977
2022-11-17,10.42,10.54,10.29,10.54,89531
2022-11-18,10.57,11.33,10.57,10.61,254050
2022-11-21,10.56,10.62,10.23,10.31,135142
2022-11-22,10.36,10.71,10.33,10.52,140666
2022-11-23,10.43,10.54,10.18,10.31,101334
2022-11-24,10.31,10.38,10.02,10.07,87792
2022-11-25,9.98,10.37,9.98,10.3,103978
2022-11-28,10.18,10.84,10.05,10.39,168358
2022-11-29,10.32,10.61,10.27,10.49,118600
2022-11-30,10.44,10.5,10.3,10.32,70925
2022-12-01,10.37,11.4,10.37,11.4,394255
2022-12-02,11.96,12.59,11.94,12.59,453186
2022-12-05,13.9,13.9,13.9,13.9,61600
2022-12-06,15.34,15.34,13.95,14.64,1599727
2022-12-07,14.65,16.15,14.15,16.15,1669538
2022-12-08,15.02,15.22,14.49,14.49,278888
2022-12-09,13.32,13.79,13.0,13.1,1173918
2022-12-12,13.34,14.14,13.27,13.77,966834
2022-12-13,13.78,14.19,12.55,12.68,959394
2022-12-14,12.64,13.02,12.49,12.71,635640
2022-12-15,12.58,14.03,12.49,14.03,957589
2022-12-16,13.69,14.81,13.18,14.45,1123701
2022-12-19,13.9,14.18,13.41,13.86,673975
2022-12-20,14.64,15.23,13.45,13.59,1079675
2022-12-21,13.49,15.0,12.98,15.0,857920
2022-12-22,15.02,16.0,14.64,15.32,1386427
2022-12-23,14.85,16.84,14.54,15.63,1238834
2022-12-26,15.15,17.24,15.04,17.24,1312137
2022-12-27,17.64,18.29,16.25,16.79,1510984
2022-12-28,16.4,17.54,15.77,17.21,1249701
2022-12-29,16.59,17.68,15.44,15.65,1271817
2022-12-30,15.2,16.98,15.14,16.41,1082006
2023-01-03,16.31,18.1,16.29,18.1,1025229
2023-01-04,19.04,19.34,17.16,17.4,1526308
2023-01-05,17.54,17.86,16.82,16.94,953543
2023-01-06,16.69,16.99,15.84,16.27,777701
2023-01-09,16.29,16.71,16.05,16.44,581642
2023-01-10,16.39,16.6,15.85,16.3,627593
2023-01-11,16.14,16.14,15.31,15.38,643761
2023-01-12,15.41,15.69,15.19,15.22,444090
2023-01-13,15.11,15.68,14.78,14.95,528546
2023-01-16,15.21,15.33,14.96,14.97,416386
2023-01-17,15.1,16.19,15.02,16.06,871372
2023-01-18,15.64,15.81,15.21,15.42,551045
2023-01-19,15.42,15.98,15.41,15.6,561795
2023-01-20,15.6,16.54,15.39,16.11,642841
2023-01-30,16.31,16.53,15.77,16.53,618706
2023-01-31,16.29,16.84,16.2,16.32,494172
2023-02-01,16.2,16.64,16.07,16.52,460709
2023-02-02,16.52,16.69,15.97,15.99,515617
2023-02-03,15.86,16.19,15.74,16.11,344316
2023-02-06,16.3,17.54,16.14,16.71,715874
2023-02-07,17.42,18.33,17.14,17.63,1031302
2023-02-08,17.31,17.34,16.04,16.16,808883
2023-02-09,15.86,16.03,15.59,16.0,439774
2023-02-10,15.84,16.6,15.79,16.16,463490
2023-02-13,16.34,16.53,16.04,16.39,378007
2023-02-14,16.64,17.72,16.58,17.19,919325
2023-02-15,17.84,18.96,17.47,18.96,1124083
2023-02-16,19.34,19.59,18.2,18.6,1365217
2023-02-17,18.6,19.12,17.72,18.67,983316
2023-02-20,18.39,18.44,17.43,18.14,830534
2023-02-21,18.14,18.82,17.45,17.77,862551
2023-02-22,17.39,17.51,16.83,17.35,588469
2023-02-23,17.24,17.29,16.82,16.88,390119
2023-02-24,16.84,17.3,16.84,17.12,377930
2023-02-27,16.86,17.02,16.5,16.63,343583
2023-02-28,17.12,17.26,16.65,17.0,353148
2023-03-01,16.79,17.77,16.78,17.63,638720
2023-03-02,17.68,19.44,17.47,18.85,1206996
2023-03-03,18.64,19.35,17.99,18.45,980816
2023-03-06,18.52,18.63,17.67,17.95,521283
2023-03-07,18.34,18.74,17.74,18.11,703945
2023-03-08,18.14,18.65,17.8,18.48,670272
2023-03-09,18.19,18.22,17.48,17.52,558637
2023-03-10,17.21,17.85,17.04,17.24,386298
2023-03-13,17.54,18.04,17.11,18.01,546206
2023-03-14,17.75,18.33,17.36,17.68,518535
2023-03-15,17.74,18.34,17.57,17.94,544082
2023-03-16,17.64,17.64,17.01,17.07,460347
2023-03-17,17.14,17.68,16.94,17.4,461567
2023-03-20,17.43,18.13,17.34,17.49,543288
2023-03-21,17.37,17.37,16.9,17.15,369782
2023-03-22,17.13,17.8,17.05,17.69,462965
2023-03-23,17.52,17.62,16.32,17.28,771069
2023-03-24,16.94,18.74,16.54,18.09,976648
2023-03-27,17.99,19.04,17.71,18.75,1070151
2023-03-28,18.69,19.77,18.14,18.45,1133538
2023-03-29,18.54,20.04,17.78,19.74,1348013
2023-03-30,19.44,19.68,18.3,18.54,984705
2023-03-31,18.13,18.63,17.53,18.43,668989
2023-04-03,18.34,20.32,18.19,20.32,1169167
2023-04-04,20.68,22.4,20.68,22.12,1655639
2023-04-06,22.08,23.58,21.5,21.98,1089167
2023-04-07,21.52,22.64,20.85,22.1,889843
2023-04-10,22.1,23.16,20.99,21.2,871163
2023-04-11,21.2,23.37,20.75,23.37,1120723
2023-04-12,24.54,25.32,23.92,24.39,1115460
2023-04-13,23.94,26.5,23.37,24.42,1185787
2023-04-14,23.7,24.4,21.98,23.14,836416
2023-04-17,22.83,23.64,22.0,22.32,784515
2023-04-18,22.54,22.59,21.32,21.96,537612
2023-04-19,21.84,22.32,21.45,21.76,559028
2023-04-20,22.19,23.32,21.89,23.28,788783
2023-04-21,22.84,22.88,20.91,20.95,757400
2023-04-24,20.64,21.34,20.04,20.85,441661
2023-04-25,20.81,21.71,20.24,21.53,547416
2023-04-26,21.2,21.47,19.54,20.09,506801
2023-04-27,19.84,20.41,18.93,19.36,417403
2023-04-28,19.44,20.33,19.43,20.12,370144
2023-05-04,20.05,21.88,19.66,21.66,742685
2023-05-05,21.59,21.59,19.82,20.09,645412
2023-05-08,19.83,20.89,19.65,20.58,407475
2023-05-09,20.4,21.6,20.13,20.98,592285
2023-05-10,20.64,22.27,20.54,21.99,749235
2023-05-11,21.99,23.01,21.36,22.71,867298
2023-05-12,22.34,22.52,20.69,20.7,625740
2023-05-15,20.64,20.69,19.15,19.87,499369
2023-05-16,19.74,19.74,17.97,18.29,537598
2023-05-17,18.1,18.54,17.92,18.32,288384
2023-05-18,18.28,18.77,17.96,18.66,311385
2023-05-19,18.4,18.53,18.0,18.3,232040
2023-05-22,18.2,19.01,17.74,18.84,390141
2023-05-23,18.54,18.54,17.94,17.99,279271
2023-05-24,17.86,18.39,17.41,18.24,307122
2023-05-25,18.08,18.28,17.42,17.56,295036
2023-05-26,17.49,18.24,17.17,17.86,324549
2023-05-29,17.72,18.01,17.67,17.74,221381
2023-05-30,17.66,18.39,17.19,18.35,405750
2023-05-31,18.22,19.02,18.14,18.74,429945
2023-06-01,18.48,19.37,18.39,19.06,459030
2023-06-02,19.05,19.33,18.66,18.72,372597
2023-06-05,18.73,20.64,18.64,20.64,791784
2023-06-06,21.05,22.73,21.04,21.92,1304380
2023-06-07,21.63,24.16,21.16,24.16,1023237
2023-06-08,24.95,25.56,23.53,24.37,1274047
2023-06-09,24.86,26.85,24.54,26.85,1125531
2023-06-12,26.86,26.86,25.47,25.74,987834
2023-06-13,25.96,28.36,25.96,28.35,1151208
2023-06-14,28.25,31.23,28.04,31.23,683023
2023-06-15,32.2,34.4,32.2,33.89,1079720
2023-06-16,33.01,35.52,32.93,34.89,979124
2023-06-19,34.54,36.13,33.84,35.34,694818
2023-06-20,34.62,35.84,33.57,34.22,690948
2023-06-21,34.23,35.74,32.59,32.89,726624
2023-06-26,32.64,33.22,30.34,30.89,561727
2023-06-27,31.24,31.77,29.84,31.04,487970
2023-06-28,30.62,30.93,27.89,28.67,667532
2023-06-29,28.98,29.21,28.12,28.69,439079
2023-06-30,28.9,29.52,28.19,28.74,666183
2023-07-03,29.7,29.7,26.24,27.84,838379
2023-07-04,27.74,28.64,27.44,28.1,695029
2023-07-05,28.08,29.24,27.44,27.44,658195
2023-07-06,27.3,27.65,26.51,26.64,692957
2023-07-07,26.62,26.85,25.14,25.64,527278
2023-07-10,25.74,25.82,24.9,25.26,379007
2023-07-11,25.32,25.6,24.86,25.14,310336
2023-07-12,26.04,27.7,25.7,27.7,999644
2023-07-13,29.04,30.52,27.09,30.52,1451940
2023-07-14,32.04,33.62,31.6,33.62,792661
2023-07-17,34.82,35.32,32.5,34.24,1712734
2023-07-18,34.44,34.74,31.02,32.24,1331089
2023-07-19,32.71,33.09,29.53,31.49,1520481
2023-07-20,31.49,33.03,30.09,31.96,1404597
2023-07-21,30.7,31.16,28.73,28.73,1163521
2023-07-24,28.14,31.23,27.73,30.05,1121073
2023-07-25,30.33,30.68,29.39,30.0,794227
2023-07-26,29.96,30.0,28.07,28.29,729836
2023-07-27,28.65,30.5,28.21,29.65,896148
2023-07-28,29.4,29.47,28.2,28.62,662757
2023-07-31,28.2,29.66,27.21,28.69,671137
2023-08-01,28.33,29.52,28.09,29.11,603161
2023-08-02,28.79,32.05,28.3,32.05,1096924
2023-08-03,31.58,32.02,30.4,31.41,1025911
2023-08-04,31.09,33.84,31.04,32.8,1147408
2023-08-07,32.9,34.04,32.18,32.49,926417
2023-08-08,32.04,34.0,32.01,32.36,907549
2023-08-09,31.53,33.29,29.92,30.43,944747
2023-08-10,30.04,30.67,29.2,29.6,648997
2023-08-11,29.9,30.37,28.89,28.96,500119
2023-08-14,28.7,31.89,28.55,31.89,976746
2023-08-15,32.53,33.21,31.72,32.16,1070398
2023-08-16,32.16,33.03,30.6,32.16,964721
2023-08-17,31.74,33.92,31.53,33.5,1102227
2023-08-18,33.2,34.85,32.5,33.9,1129883
2023-08-21,32.86,34.36,31.86,32.87,790409
2023-08-22,33.57,36.19,33.47,36.19,1223935
2023-08-23,36.8,39.69,36.13,37.47,1602127
2023-08-24,37.75,38.96,35.2,35.37,1357072
2023-08-25,33.85,37.45,33.46,34.5,1252157
2023-08-28,36.5,36.6,34.3,35.72,1091879
2023-08-29,35.04,39.2,34.66,38.01,1279969
2023-08-30,38.0,41.84,37.08,41.84,1472086
2023-08-31,39.78,41.9,39.2,41.2,1242173
2023-09-01,40.34,42.45,37.3,39.58,1215453
2023-09-04,39.29,40.69,38.4,39.57,946598
2023-09-05,38.85,39.15,36.41,36.49,1093825
2023-09-06,36.08,38.2,35.65,37.37,926445
2023-09-07,36.7,39.14,36.61,37.72,893961
2023-09-08,36.8,38.47,36.1,37.92,805155
2023-09-11,37.91,38.69,36.59,37.47,711216
2023-09-12,36.8,37.34,35.2,35.28,890909
2023-09-13,35.2,36.68,34.7,35.62,751659
2023-09-14,35.21,35.25,33.56,33.78,639234
2023-09-15,34.02,34.99,33.69,33.97,526581
2023-09-18,33.85,36.7,33.71,35.79,895543
2023-09-19,35.57,36.18,34.7,35.17,554117
2023-09-20,34.96,35.83,33.98,34.22,480069
2023-09-21,33.75,34.04,32.65,32.85,522743
2023-09-22,32.82,34.36,32.61,34.09,597979
2023-09-25,33.73,35.7,33.3,35.29,758726
2023-09-26,34.93,38.85,34.59,38.13,1365370
2023-09-27,37.5,38.3,37.14,37.57,733618
2023-09-28,37.51,38.79,37.47,38.04,759664
2023-10-09,37.97,38.97,37.3,37.54,630100
2023-10-10,37.7,37.9,36.63,36.8,555860
2023-10-11,36.58,37.59,36.27,36.77,457903
2023-10-12,37.0,37.06,35.22,35.99,442411
2023-10-13,35.9,36.19,34.65,34.95,433198
2023-10-16,35.12,37.73,35.0,36.69,775680
2023-10-17,36.21,38.01,35.37,37.3,762025
2023-10-18,37.0,37.05,35.35,35.47,514780
2023-10-19,34.71,36.1,34.61,35.21,396661
2023-10-20,33.99,34.46,31.9,32.48,555132
2023-10-23,31.59,32.02,30.21,30.54,467329
2023-10-24,31.06,32.82,30.8,32.5,602241
2023-10-25,32.5,33.49,32.05,32.15,483663
2023-10-26,31.19,31.66,30.71,31.4,343624
2023-10-27,31.35,31.95,30.59,31.67,344576
2023-10-30,31.58,32.3,31.2,31.96,303026
2023-10-31,31.95,32.87,31.4,32.1,312942
2023-11-01,31.7,32.88,31.51,32.55,346721
2023-11-02,32.51,34.04,32.38,33.26,541294
2023-11-03,32.71,33.2,32.1,32.41,418998
2023-11-06,32.41,33.65,32.32,33.3,452201
2023-11-07,32.9,33.18,32.5,32.98,354667
2023-11-08,32.7,33.67,32.64,32.89,418183
2023-11-09,32.77,33.17,32.03,32.16,339251
2023-11-10,32.01,32.01,31.12,31.19,295354
2023-11-13,31.67,33.5,31.38,32.77,590753
2023-11-14,32.92,33.35,32.6,33.06,380656
2023-11-15,33.19,34.14,32.9,33.11,417160
2023-11-16,32.74,34.7,32.73,33.6,500834
2023-11-17,33.4,33.48,32.2,32.92,408752
2023-11-20,32.7,33.35,32.38,32.95,266325
2023-11-21,32.93,33.28,32.5,32.61,254520
2023-11-22,32.45,34.47,32.38,33.11,687102
2023-11-23,32.88,32.88,30.84,32.05,437745
2023-11-24,32.15,33.55,32.15,32.42,430275
2023-11-27,32.45,34.0,32.45,32.87,418143
2023-11-28,32.87,36.17,31.75,35.02,820015
2023-11-29,34.5,35.4,33.98,34.49,483917
2023-11-30,34.49,34.49,33.04,33.66,400354
2023-12-01,33.4,34.8,33.3,34.25,488769
2023-12-04,34.2,34.88,33.7,34.38,513874
2023-12-05,34.07,34.1,32.7,32.71,389728
2023-12-06,32.2,32.95,31.61,32.27,288663
2023-12-07,32.09,33.88,32.02,33.35,475371
2023-12-08,33.36,33.53,32.6,32.78,321286
2023-12-11,32.79,33.3,32.48,33.15,294554
2023-12-12,33.0,33.97,32.52,33.51,457003
2023-12-13,33.2,33.68,32.91,32.96,257342
2023-12-14,32.89,33.4,32.63,32.71,222029
2023-12-15,32.59,33.0,31.7,32.14,275336
2023-12-18,32.59,32.95,32.1,32.2,207516
2023-12-19,31.95,32.39,31.6,31.93,160588
2023-12-20,31.7,31.95,28.73,28.88,524701
2023-12-21,28.03,28.52,27.38,28.22,378520
2023-12-22,28.16,28.16,26.36,26.79,425407
2023-12-25,26.71,27.3,26.1,26.94,257637
2023-12-26,27.1,27.13,25.87,25.99,242506
2023-12-27,26.06,26.3,25.92,26.12,172824
2023-12-28,26.12,26.96,25.67,26.66,264258
2023-12-29,26.66,27.83,26.61,27.68,351289
2024-01-02,27.5,27.95,27.06,27.35,288832
2024-01-03,27.23,27.35,26.81,26.92,149563
2024-01-04,26.96,27.1,26.31,26.69,152519
2024-01-05,26.89,27.03,26.0,26.26,149595
2024-01-08,26.3,26.35,25.49,25.49,168108
2024-01-09,25.5,26.0,25.03,25.39,174114
2024-01-10,25.24,25.24,24.23,24.23,261299
2024-01-11,24.23,25.03,24.23,24.95,209704
2024-01-12,24.87,25.1,24.3,24.3,151863
2024-01-15,24.2,24.53,24.05,24.18,121155
2024-01-16,24.18,24.25,23.56,23.94,149623
2024-01-17,24.19,24.36,23.3,23.31,158631
2024-01-18,23.08,23.65,22.65,23.47,231164
2024-01-19,23.46,24.34,23.3,23.6,294608
2024-01-22,23.6,24.02,22.0,22.25,216289
2024-01-23,22.28,23.08,22.05,22.88,235204
2024-01-24,22.98,23.1,22.1,23.03,205818
2024-01-25,22.9,25.0,22.65,24.7,533347
2024-01-26,24.49,24.85,24.08,24.22,351005
2024-01-29,24.3,24.38,23.35,23.35,210365
2024-01-30,23.35,23.65,22.57,22.62,172163
2024-01-31,22.62,22.87,21.19,21.3,296836
2024-02-01,21.15,21.77,20.59,21.08,228212
2024-02-02,21.08,21.9,19.5,20.2,348047
2024-02-05,20.11,20.22,18.15,18.8,455240
2024-02-06,18.21,20.18,17.95,19.75,365435
2024-02-07,19.75,21.76,19.55,20.96,515590
2024-02-08,21.1,21.72,20.71,21.43,399209
2024-02-19,22.5,23.01,21.86,23.01,520739
2024-02-20,23.21,25.34,22.7,25.34,824372
2024-02-21,23.81,25.33,23.71,24.09,904143
2024-02-22,24.21,25.18,24.21,24.75,682649
2024-02-23,24.8,26.18,24.31,25.74,778230
2024-02-26,25.22,25.34,24.7,24.88,575431
2024-02-27,24.63,25.76,24.37,25.61,660265
2024-02-28,25.7,26.8,24.38,24.46,828040
2024-02-29,23.76,26.3,23.7,26.24,792243
2024-03-01,25.9,28.89,25.76,28.89,1177908
2024-03-04,28.1,28.88,27.5,28.53,937537
2024-03-05,27.85,29.33,27.51,28.19,813054
2024-03-06,27.67,28.05,26.9,27.35,516325
2024-03-07,27.3,28.99,27.21,27.84,823910
2024-03-08,27.65,28.03,26.7,27.79,510676
2024-03-11,27.25,27.7,26.84,27.68,423219
2024-03-12,27.72,29.07,27.71,28.49,731463
2024-03-13,28.5,29.14,28.18,28.37,690621
2024-03-14,27.9,27.9,26.96,27.38,498627
2024-03-15,27.42,27.63,26.95,27.55,291925
2024-03-18,27.8,29.1,27.38,29.08,706947
2024-03-19,28.91,29.58,28.49,28.5,573570
2024-03-20,28.29,29.88,28.26,29.6,801491
2024-03-21,31.21,31.67,29.21,29.29,914443
2024-03-22,28.75,31.6,28.75,30.82,1066536
2024-03-25,30.59,30.59,28.92,29.06,685988
2024-03-26,28.8,28.83,26.78,27.1,635655
2024-03-27,27.0,27.5,25.36,25.42,506519
2024-03-28,25.38,26.7,25.18,26.37,481451
2024-03-29,26.15,26.3,25.57,26.09,316831
2024-04-01,26.22,26.66,26.0,26.54,301576
2024-04-02,26.63,26.63,25.69,25.89,275537
2024-04-03,25.89,25.96,24.72,24.88,297593
2024-04-08,24.75,24.88,24.13,24.16,253150
2024-04-09,24.16,24.66,24.0,24.3,200850
2024-04-10,24.3,24.3,22.94,23.13,333540
2024-04-11,22.92,24.66,22.85,24.44,480296
2024-04-12,24.1,24.4,23.7,23.72,252347
2024-04-15,23.72,24.14,23.2,23.67,266544
2024-04-16,23.48,23.77,22.29,22.62,293409
2024-04-17,23.03,23.87,23.0,23.68,298473
2024-04-18,24.1,24.85,23.6,24.29,428434
2024-04-19,24.31,24.65,24.06,24.42,280938
2024-04-22,24.0,24.3,23.26,23.71,212518
2024-04-23,23.94,24.21,23.78,24.1,220210
2024-04-24,24.09,24.68,23.76,24.6,281881
2024-04-25,24.19,24.47,24.01,24.09,200264
2024-04-26,23.7,24.5,22.99,24.2,422354
2024-04-29,24.4,25.4,24.12,25.06,478434
2024-04-30,25.0,25.13,24.2,24.59,300377
2024-05-06,25.05,25.2,24.55,24.72,286719
2024-05-07,24.71,25.08,24.51,24.72,218540
2024-05-08,24.5,24.5,23.48,23.61,284367
2024-05-09,23.61,24.19,23.55,23.92,189489
2024-05-10,24.05,24.26,23.51,23.58,159299
2024-05-13,23.37,23.37,22.84,23.05,188303
2024-05-14,23.28,23.46,22.9,23.14,159194
2024-05-15,23.23,23.23,22.59,22.65,185071
2024-05-16,22.68,22.88,22.5,22.6,169188
2024-05-17,22.54,22.74,22.25,22.72,151397
2024-05-20,22.66,23.73,22.44,23.44,335018
2024-05-21,23.45,23.56,23.2,23.3,156249
2024-05-22,23.25,23.35,22.98,23.23,107804
2024-05-23,23.26,23.3,22.5,22.54,210671
2024-05-24,22.53,22.53,21.8,21.83,184718
2024-05-27,21.85,22.18,21.47,22.1,152733
2024-05-28,22.03,22.05,21.5,21.51,140324
2024-05-29,21.35,21.8,21.28,21.41,138150
2024-05-30,21.34,21.58,21.06,21.37,120639
2024-05-31,21.38,21.76,21.38,21.62,133956
2024-06-03,21.6,21.89,21.33,21.72,159237
2024-06-04,21.7,21.73,21.36,21.65,127084
2024-06-05,21.66,21.7,21.22,21.23,119050
2024-06-06,21.28,21.43,20.66,20.73,183820
2024-06-07,20.81,21.08,20.56,20.86,121543
2024-06-11,20.67,21.15,20.45,20.89,122092
2024-06-12,20.82,21.55,20.75,21.34,176437
2024-06-13,21.28,21.41,21.11,21.15,116688
2024-06-14,21.14,21.37,21.05,21.29,114695
2024-06-17,21.18,21.23,20.9,20.92,114271
2024-06-18,20.92,21.2,20.9,20.95,112772
2024-06-19,21.05,21.05,20.64,20.64,116367
2024-06-20,20.64,20.64,20.01,20.02,150075
2024-06-21,19.98,20.12,19.68,20.04,113756
2024-06-24,20.05,20.1,19.18,19.2,166754
2024-06-25,19.2,19.48,18.76,18.99,118605
2024-06-26,18.95,20.63,18.91,20.4,339624
2024-06-27,20.3,20.5,19.95,19.98,222393
2024-06-28,20.0,20.13,19.57,19.69,174191
2024-07-01,19.64,20.0,19.35,19.97,132196
2024-07-02,19.96,20.28,19.9,20.02,142402
2024-07-03,20.02,20.12,19.72,19.87,96941
2024-07-04,19.9,20.02,19.45,19.45,110844
2024-07-05,19.46,19.78,19.18,19.58,111646
2024-07-08,19.56,19.64,19.01,19.07,97826
2024-07-09,19.06,19.46,18.75,19.34,150621
2024-07-10,19.15,19.4,18.87,18.95,140085
2024-07-11,19.24,19.5,19.11,19.46,160902
2024-07-12,19.31,19.49,19.14,19.19,116962
2024-07-15,19.01,19.15,18.85,18.92,103832
2024-07-16,18.94,19.26,18.61,19.08,145884
2024-07-17,19.02,19.58,18.97,19.13,147336
2024-07-18,18.98,19.25,18.57,19.12,151109
2024-07-19,19.07,20.51,18.98,20.0,396607
2024-07-22,19.87,20.03,19.63,19.94,195985
2024-07-23,19.79,19.99,19.24,19.26,151425
2024-07-24,19.21,19.31,18.6,18.62,155053
2024-07-25,18.48,18.95,18.17,18.63,117906
2024-07-26,18.64,19.07,18.57,18.76,98845
2024-07-29,18.8,18.8,18.24,18.58,126534
2024-07-30,18.47,18.63,18.17,18.44,104654
2024-07-31,18.37,19.87,18.36,19.66,303062
2024-08-01,19.85,19.92,19.52,19.65,168474
2024-08-02,19.49,19.96,19.37,19.37,162617
2024-08-05,19.22,19.92,18.99,19.01,173159
2024-08-06,19.27,19.5,19.09,19.47,141510
2024-08-07,19.42,19.62,19.19,19.2,109063
2024-08-08,19.06,19.26,18.72,19.09,104984
2024-08-09,19.11,19.22,18.62,18.65,129179
2024-08-12,18.6,18.6,18.28,18.37,87291
2024-08-13,18.46,18.47,18.07,18.34,95359
2024-08-14,18.17,18.41,18.16,18.25,81315
2024-08-15,18.18,18.96,17.98,18.57,172167
2024-08-16,18.47,18.56,18.31,18.34,80246
2024-08-19,18.33,18.6,18.28,18.39,73458
2024-08-20,18.37,18.45,18.0,18.03,89093
2024-08-21,18.03,18.15,17.55,17.65,114619
2024-08-22,17.64,17.74,17.04,17.05,116998
2024-08-23,17.05,17.32,16.9,17.12,97866
2024-08-26,17.14,17.32,16.97,17.16,64355
2024-08-27,17.08,17.15,16.77,16.78,84513
2024-08-28,16.78,17.33,16.6,17.14,126369
2024-08-29,16.97,17.32,16.93,17.16,91828
2024-08-30,17.12,17.95,17.11,17.47,246901
2024-09-02,17.51,17.64,17.12,17.12,121101
2024-09-03,17.17,17.44,17.12,17.34,77465
2024-09-04,17.17,17.53,17.14,17.32,64367
2024-09-05,17.37,18.0,17.37,17.97,207807
2024-09-06,17.87,18.02,17.56,17.63,115496
2024-09-09,17.4,17.76,17.32,17.54,83399
2024-09-10,17.57,18.0,17.24,17.86,120605
2024-09-11,17.8,17.9,17.67,17.83,63250
2024-09-12,17.85,18.11,17.75,17.75,83994
2024-09-13,17.77,17.85,17.48,17.48,64806
2024-09-18,17.55,17.59,17.01,17.22,69211
2024-09-19,17.42,17.97,17.21,17.89,146740
2024-09-20,17.92,18.07,17.82,18.01,123713
2024-09-23,17.98,18.49,17.89,18.22,137641
2024-09-24,18.32,19.53,18.02,19.01,369996
2024-09-25,19.1,20.09,19.09,19.27,462353
2024-09-26,19.12,19.89,19.12,19.86,320820
2024-09-27,20.43,21.67,20.37,21.49,294716
2024-09-30,22.62,23.5,21.62,23.38,744904
2024-10-08,25.73,25.73,22.24,25.19,920546
2024-10-09,24.35,24.72,22.91,22.93,574656
2024-10-10,24.17,24.25,22.95,23.29,469993
2024-10-11,22.47,22.68,20.98,21.27,397565
2024-10-14,21.32,21.76,20.69,21.71,296468
2024-10-15,21.5,22.17,21.3,21.37,274279
2024-10-16,20.68,21.67,20.68,21.29,189235
2024-10-17,21.66,21.87,21.19,21.21,263615
2024-10-18,20.98,22.31,20.75,21.7,410458
2024-10-21,21.87,22.62,21.76,22.18,345053
2024-10-22,22.08,24.41,22.03,24.41,1142425
2024-10-23,24.41,24.51,23.23,23.48,833009
2024-10-24,23.45,23.87,22.76,23.0,459074
2024-10-25,22.92,23.66,22.77,23.3,477848
2024-10-28,23.65,24.03,23.07,23.4,469353
2024-10-29,24.2,24.41,22.72,22.73,597682
2024-10-30,22.12,22.68,22.07,22.27,325316
2024-10-31,22.11,23.0,21.98,22.66,350979
2024-11-01,22.37,22.5,21.55,21.72,321556
2024-11-04,21.67,22.26,21.62,22.12,193714
2024-11-05,22.11,23.11,22.0,23.07,438124
2024-11-06,23.0,23.51,22.77,23.11,446382
2024-11-07,22.87,23.39,22.67,23.39,350170
2024-11-08,23.49,24.01,23.06,23.18,430263
2024-11-11,22.97,25.51,22.92,25.51,655295
2024-11-12,26.24,27.31,25.78,26.02,1589255
2024-11-13,25.77,28.09,25.47,27.65,1274182
2024-11-14,26.89,26.89,25.13,25.15,885770
2024-11-15,25.12,25.99,24.76,24.79,626296
2024-11-18,24.84,25.05,22.97,23.06,547785
2024-11-19,22.98,23.48,22.47,23.37,408006
2024-11-20,23.31,25.48,23.17,24.6,583271
2024-11-21,24.17,25.37,24.06,25.02,621731
2024-11-22,24.84,25.67,24.13,24.36,541897
2024-11-25,24.22,24.55,23.13,24.0,366916
2024-11-26,24.07,25.0,23.82,23.88,361186
2024-11-27,23.4,24.57,22.85,24.57,359630
2024-11-28,24.66,26.56,24.63,25.56,981801
2024-11-29,25.22,25.57,24.02,24.96,795593
2024-12-02,24.77,25.68,24.63,25.33,546716
2024-12-03,25.27,25.29,24.67,24.84,384430
2024-12-04,24.71,24.84,23.93,24.12,353074
2024-12-05,24.12,25.05,24.1,24.85,375533
2024-12-06,24.95,26.04,24.7,25.47,606525
2024-12-09,25.74,25.85,24.89,25.41,371906
2024-12-10,26.19,26.19,25.18,25.31,478205
2024-12-11,25.21,25.6,24.92,25.46,378497
2024-12-12,25.34,25.97,24.96,25.76,466476
2024-12-13,25.48,26.46,25.4,25.81,645147
2024-12-16,25.79,25.8,24.82,25.13,366131
2024-12-17,24.88,24.99,23.91,23.92,326955
2024-12-18,24.07,24.45,23.79,24.11,192895
2024-12-19,23.75,24.47,23.55,24.3,207731
2024-12-20,24.13,24.75,24.11,24.47,197581
2024-12-23,24.47,24.47,23.57,23.67,202598
2024-12-24,23.75,23.86,23.36,23.66,145442
2024-12-25,23.64,23.72,22.87,23.08,170068
2024-12-26,23.08,23.39,23.08,23.23,112194
2024-12-27,23.28,23.53,22.99,23.24,141591
2024-12-30,23.58,23.58,22.93,22.99,147422
2024-12-31,23.23,23.23,21.87,21.91,256759
2025-01-02,21.87,22.02,21.02,21.19,205285
2025-01-03,21.24,21.24,20.09,20.16,223434
2025-01-06,20.15,20.54,19.84,20.35,144306
2025-01-07,20.38,20.5,20.21,20.49,120223
2025-01-08,20.57,20.76,19.85,20.6,185437
2025-01-09,20.45,20.79,20.38,20.58,126571
2025-01-10,20.55,20.77,19.92,19.93,129928
2025-01-13,19.73,20.05,19.52,19.98,112769
2025-01-14,20.02,21.02,19.97,20.94,216595
2025-01-15,21.88,22.62,21.32,21.45,345950
2025-01-16,21.37,23.15,21.37,22.11,422222
2025-01-17,21.87,22.55,21.55,22.04,256490
2025-01-20,22.15,22.42,21.78,21.84,159943
2025-01-21,21.9,22.03,21.57,21.93,139617
2025-01-22,21.8,21.91,21.53,21.66,92677
2025-01-23,21.85,22.12,21.67,21.67,187553
2025-01-24,21.59,22.23,21.55,22.22,201576
2025-01-27,22.35,22.56,22.16,22.23,157092
2025-02-05,22.47,23.35,22.43,23.22,362222
2025-02-06,22.83,23.41,22.73,23.23,286364
2025-02-07,23.24,23.62,23.01,23.34,394908
2025-02-10,23.53,24.1,23.34,24.01,380283
2025-02-11,23.85,23.96,23.55,23.72,269700
2025-02-12,23.62,23.98,23.57,23.8,239120
2025-02-13,23.81,24.17,23.48,23.88,331609
2025-02-14,24.93,25.73,23.88,24.84,789156
2025-02-17,24.46,24.88,24.08,24.28,511090
2025-02-18,24.13,24.26,23.1,23.18,360691
2025-02-19,23.17,23.74,23.01,23.67,240659
2025-02-20,23.6,23.81,23.31,23.37,199137
2025-02-21,23.31,24.87,23.2,24.66,552556
2025-02-24,24.67,25.33,24.2,24.86,486208
2025-02-25,24.3,24.76,24.15,24.32,319020
2025-02-26,24.32,25.06,23.89,24.49,379336
2025-02-27,24.39,24.96,23.85,24.33,353770
2025-02-28,24.09,24.27,22.83,22.9,357840
2025-03-03,23.0,23.32,22.43,22.87,239029
2025-03-04,22.64,22.96,22.49,22.86,157095
2025-03-05,22.86,23.0,22.43,22.62,174582
2025-03-06,22.75,23.67,22.69,23.38,309426
2025-03-07,23.23,23.45,22.72,22.85,226829
2025-03-10,22.76,22.83,22.17,22.41,206799
2025-03-11,22.07,22.36,21.97,22.22,133373
2025-03-12,22.47,22.74,22.29,22.47,198476
2025-03-13,22.38,22.42,21.78,21.99,169197
2025-03-14,21.99,22.46,21.86,22.41,163254
2025-03-17,22.47,22.57,22.24,22.27,127543
2025-03-18,22.37,22.42,22.16,22.25,114760
2025-03-19,22.16,22.16,21.92,21.98,114676
2025-03-20,21.98,22.04,21.76,21.78,124251
2025-03-21,21.75,21.86,21.39,21.51,122184
2025-03-24,21.55,21.67,21.11,21.44,119717
2025-03-25,21.44,21.5,21.18,21.36,73645
2025-03-26,21.37,21.49,21.31,21.37,81485
2025-03-27,21.37,21.45,21.12,21.29,73917
2025-03-28,21.38,21.44,21.19,21.31,102431
2025-03-31,21.17,21.17,20.67,20.8,125202
2025-04-01,20.8,21.1,20.8,20.96,75848
2025-04-02,20.87,21.18,20.85,21.08,65424
2025-04-03,20.87,21.18,20.71,21.0,85791
2025-04-07,19.87,19.96,18.89,18.89,189581
2025-04-08,18.67,19.17,18.41,18.97,169357
2025-04-09,18.67,19.55,17.9,19.39,196524
2025-04-10,19.53,20.14,19.52,19.69,146864
2025-04-11,19.53,19.83,19.46,19.69,96294
2025-04-14,19.87,19.97,19.73,19.81,85654
2025-04-15,19.81,20.0,19.64,19.78,70431
2025-04-16,19.8,20.37,19.72,19.97,156965
2025-04-17,19.83,19.95,19.66,19.7,88625
2025-04-18,19.66,19.75,19.52,19.65,58471
2025-04-21,19.65,19.92,19.45,19.89,63411
2025-04-22,19.89,19.92,19.72,19.79,56248
2025-04-23,19.87,20.0,19.79,19.87,63796
2025-04-24,19.88,19.92,19.59,19.71,67735
2025-04-25,19.72,20.98,19.72,20.2,216126
2025-04-28,19.97,19.97,19.59,19.69,128077
2025-04-29,19.67,19.75,19.53,19.66,65245
2025-04-30,19.62,19.88,19.59,19.68,85604
2025-05-06,19.83,20.32,19.77,20.31,158171
2025-05-07,20.57,20.64,20.06,20.21,116794
2025-05-08,20.19,21.69,20.13,20.91,370234
2025-05-09,20.57,20.79,20.34,20.37,162608
2025-05-12,20.55,20.63,20.37,20.5,86838
2025-05-13,20.71,20.76,20.4,20.43,86848
2025-05-14,20.38,20.62,20.31,20.51,82855
2025-05-15,20.39,20.42,20.06,20.08,79278
2025-05-16,20.08,20.14,19.97,19.99,56810
2025-05-19,19.98,20.07,19.78,20.02,59235
2025-05-20,20.01,20.2,19.92,20.1,57267
2025-05-21,20.1,20.1,19.94,20.02,67047
2025-05-22,19.97,20.09,19.81,19.84,59487
2025-05-23,19.83,19.91,19.57,19.58,79465
2025-05-26,19.58,19.93,19.57,19.86,58067
2025-05-27,19.85,19.85,19.7,19.77,37901
2025-05-28,19.75,19.83,19.61,19.64,41130
2025-05-29,19.68,19.94,19.63,19.89,63931
2025-05-30,19.89,19.89,19.64,19.69,57608
2025-06-03,19.61,19.89,19.59,19.78,51221
2025-06-04,19.78,19.89,19.75,19.89,54198
2025-06-05,19.89,20.01,19.82,20.01,74720
2025-06-06,20.08,20.12,19.93,19.98,56866
2025-06-09,20.05,20.26,19.96,20.23,95985
2025-06-10,20.22,20.24,19.77,20.05,81431
2025-06-11,20.05,20.17,19.97,20.07,61265
2025-06-12,20.0,20.21,19.93,20.11,72753
2025-06-13,20.05,20.05,19.66,19.67,111073
2025-06-16,19.6,19.92,19.57,19.87,73918
2025-06-17,19.86,19.87,19.67,19.73,50748
2025-06-18,19.72,19.79,19.48,19.61,62842
2025-06-19,19.64,19.71,19.29,19.36,77879
2025-06-20,19.36,19.43,19.07,19.07,59049
2025-06-23,19.05,19.28,18.98,19.26,56995
2025-06-24,19.3,19.66,19.27,19.65,84125
2025-06-25,19.62,19.89,19.58,19.89,100022
2025-06-26,19.78,19.98,19.77,19.92,98770
2025-06-27,19.92,20.04,19.82,19.92,80712
2025-06-30,19.95,20.12,19.9,20.08,85159
2025-07-01,20.09,20.11,19.84,19.89,77436
2025-07-02,19.9,19.92,19.68,19.76,71927
2025-07-03,19.75,19.9,19.7,19.8,50019
2025-07-04,19.8,19.89,19.65,19.72,69934
2025-07-07,19.65,19.77,19.62,19.68,42669
2025-07-08,19.67,19.81,19.63,19.77,58421
2025-07-09,19.78,20.65,19.76,20.07,251942
2025-07-10,19.98,20.46,19.93,20.36,211547
2025-07-11,20.36,21.08,20.16,20.88,336196
2025-07-14,20.77,20.82,20.25,20.27,238204
2025-07-15,20.27,20.27,19.9,20.19,146594
2025-07-16,20.08,20.42,20.07,20.16,119338
2025-07-17,20.15,20.25,20.09,20.24,101446
2025-07-18,20.36,20.59,20.26,20.46,151611
2025-07-21,20.46,20.48,20.28,20.37,98767
2025-07-22,20.38,20.44,20.21,20.41,116991
2025-07-23,20.32,20.64,20.3,20.39,151579
2025-07-24,20.35,20.85,20.33,20.72,197938
2025-07-25,20.7,20.93,20.65,20.82,168480
2025-07-28,20.8,20.8,20.52,20.65,136976
2025-07-29,20.66,20.69,20.37,20.6,93793
2025-07-30,20.53,20.8,20.41,20.61,133036
2025-07-31,20.55,20.75,20.37,20.38,117577
2025-08-01,20.5,21.09,20.38,20.7,207094
2025-08-04,20.49,20.89,20.33,20.74,109871
2025-08-05,20.7,20.78,20.62,20.73,98881
2025-08-06,20.73,21.1,20.66,20.97,183867
2025-08-07,20.98,21.08,20.85,20.96,128210
2025-08-08,21.0,21.03,20.5,20.52,157926
2025-08-11,20.52,20.86,20.43,20.77,117947
2025-08-12,20.7,20.99,20.66,20.8,118246
2025-08-13,20.77,21.08,20.7,20.91,173706
2025-08-14,20.96,21.48,20.82,20.91,282049
2025-08-15,20.87,21.13,20.79,21.07,173955
2025-08-18,21.23,21.73,21.16,21.56,306549
2025-08-19,21.52,22.0,21.3,21.67,313220
2025-08-20,21.6,21.61,21.27,21.58,178991
2025-08-21,21.59,21.78,21.49,21.74,187889
2025-08-22,21.74,22.1,21.65,22.01,282412
2025-08-25,22.1,22.42,21.83,22.11,340317
2025-08-26,22.04,22.22,21.95,21.98,187036
2025-08-27,21.95,23.66,21.86,22.39,686334
2025-08-28,22.33,22.47,21.68,22.21,340441
2025-08-29,22.23,22.23,21.77,21.84,214083
2025-09-01,21.86,21.98,21.56,21.7,179395
2025-09-02,21.8,21.82,21.1,21.26,182476
2025-09-03,21.36,21.47,20.49,20.57,192291
2025-09-04,20.47,20.66,20.0,20.26,158245
2025-09-05,20.34,20.41,20.1,20.4,114621
2025-09-08,20.41,20.41,20.17,20.38,149324
2025-09-09,20.39,20.41,19.96,20.06,142558
2025-09-10,20.07,20.45,20.03,20.28,140131
2025-09-11,20.2,20.57,20.2,20.47,159127
2025-09-12,20.5,21.12,20.48,20.68,193582
2025-09-15,20.47,20.53,20.3,20.32,116187
2025-09-16,20.31,20.45,20.16,20.33,99774
2025-09-17,20.32,20.33,20.13,20.16,117752
2025-09-18,20.19,20.22,19.72,19.86,159601
2025-09-19,19.81,19.96,19.79,19.89,88668
2025-09-22,19.95,19.95,19.56,19.63,99544
2025-09-23,19.58,19.63,19.1,19.37,113983
2025-09-24,19.3,19.79,19.18,19.77,100821
2025-09-25,19.71,19.9,19.69,19.75,84993
2025-09-26,19.7,19.74,19.45,19.45,74450
2025-09-29,19.5,19.6,19.25,19.53,61635
2025-09-30,19.53,19.88,19.52,19.83,97305
2025-10-09,19.84,19.95,19.64,19.94,99764
2025-10-10,19.83,19.85,19.72,19.75,69066
2025-10-13,19.4,19.56,19.3,19.47,82206
2025-10-14,19.44,19.56,19.34,19.37,77282
2025-10-15,19.38,19.44,19.26,19.44,64144
2025-10-16,19.37,19.43,19.3,19.35,51654
2025-10-17,19.31,19.39,19.11,19.11,67056
2025-10-20,19.21,19.25,19.13,19.15,42705
2025-10-21,19.15,19.32,19.1,19.25,51219
2025-10-22,19.2,19.35,19.14,19.3,42026
2025-10-23,19.3,19.38,19.13,19.38,59351
2025-10-24,19.35,19.51,19.33,19.45,66491
2025-10-27,19.55,19.56,19.37,19.44,61165
2025-10-28,19.39,19.5,19.35,19.39,47208
2025-10-29,19.4,19.48,19.22,19.45,72118
2025-10-30,19.49,20.31,19.28,19.84,248844
2025-10-31,19.65,20.3,19.57,20.2,252961
2025-11-03,20.24,20.51,20.12,20.44,196197
2025-11-04,20.37,20.49,20.24,20.45,142233
2025-11-05,20.32,20.51,20.02,20.2,170574
2025-11-06,20.14,20.23,19.9,19.92,132329
2025-11-07,19.8,19.97,19.69,19.73,89533
2025-11-10,19.86,20.56,19.76,20.16,195399
2025-11-11,20.0,20.09,19.86,19.93,109433
2025-11-12,19.9,19.98,19.81,19.83,68329
2025-11-13,19.8,19.9,19.75,19.88,66704
2025-11-14,19.8,19.93,19.79,19.79,81488
2025-11-17,19.78,19.96,19.53,19.94,98470
2025-11-18,19.93,20.22,19.79,20.12,167612
2025-11-19,20.03,20.03,19.59,19.62,130664
2025-11-20,19.63,19.7,19.42,19.47,65436
2025-11-21,19.28,19.62,19.15,19.3,95835
2025-11-24,19.4,19.84,19.21,19.79,132712
2025-11-25,19.76,21.77,19.71,20.9,694023
2025-11-26,20.8,21.14,20.53,20.58,464869
2025-11-27,20.64,20.89,20.33,20.85,332210
2025-11-28,20.75,21.24,20.6,20.97,367399
2025-12-01,20.3,20.46,20.01,20.16,338319
2025-12-02,20.02,20.1,19.73,19.75,191419
2025-12-03,19.83,19.88,19.37,19.55,153601
2025-12-04,19.4,19.55,19.38,19.46,92111
2025-12-05,19.46,19.59,19.32,19.58,90070
2025-12-08,19.58,19.64,19.53,19.57,113371
2025-12-09,19.55,19.6,19.38,19.38,92443
2025-12-10,19.33,19.55,19.24,19.48,78381
2025-12-11,19.5,19.52,19.21,19.21,81682
2025-12-12,19.24,19.3,19.16,19.22,109850
2025-12-15,19.11,19.15,18.78,18.78,122721
2025-12-16,18.69,18.73,18.32,18.46,97738
2025-12-17,18.42,18.67,18.36,18.6,63473
2025-12-18,18.59,18.83,18.56,18.68,62596
2025-12-19,18.72,18.85,18.61,18.76,67854
2025-12-22,18.76,18.83,18.71,18.77,50802
2025-12-23,18.95,18.95,18.63,18.66,50790
2025-12-24,18.56,18.78,18.56,18.75,41467
2025-12-25,18.75,18.86,18.71,18.85,54345
2025-12-26,18.86,18.97,18.8,18.88,64717
2025-12-29,18.86,18.92,18.76,18.81,56949
2025-12-30,18.78,18.95,18.76,18.88,62855
2025-12-31,18.86,19.18,18.86,19.05,88807
2026-01-05,19.05,19.53,18.97,19.5,180258
2026-01-06,19.41,20.13,19.4,19.9,251166
2026-01-07,19.85,20.11,19.79,19.85,184231
2026-01-08,19.85,20.24,19.74,20.07,195160
2026-01-09,20.05,21.17,20.02,21.05,413398
2026-01-12,23.16,23.16,23.16,23.16,344037
2026-01-13,25.48,25.48,25.48,25.48,246516
2026-01-14,25.88,28.03,25.6,28.03,1096984
2026-01-15,29.44,30.83,28.95,30.83,2407212
2026-01-16,27.75,27.75,27.75,27.75,65490
2026-01-19,24.98,24.98,24.98,24.98,65655
2026-01-20,24.95,25.48,23.16,23.51,1878253
2026-01-21,23.51,25.85,23.49,24.47,1288997
2026-01-22,24.48,25.78,24.25,24.5,874140
2026-01-23,24.68,25.75,24.51,25.05,847968
2026-01-26,25.32,25.65,23.43,24.16,756333
2026-01-27,25.0,25.3,23.48,24.39,687893
2026-01-28,24.39,24.39,22.99,23.08,692963
2026-01-29,22.96,25.39,22.76,24.18,1101302
2026-01-30,24.28,24.78,23.58,24.44,836637
2026-02-02,24.21,24.9,23.9,23.97,557217
2026-02-03,24.31,25.3,24.3,25.19,775423
2026-02-04,24.84,25.42,23.46,23.74,659722
2026-02-05,23.1,23.75,23.1,23.34,380529
2026-02-06,23.12,23.63,22.52,23.12,359451
2026-02-09,23.6,23.96,23.25,23.88,442803
2026-02-10,25.6,26.27,25.6,26.27,282172
2026-02-11,28.21,28.21,24.59,25.09,1370648
2026-02-12,25.07,25.48,24.22,24.71,808572
2026-02-13,26.0,27.18,25.28,25.72,1491398
2026-02-24,24.35,24.44,23.15,23.15,956991
2026-02-25,22.9,23.33,22.71,23.21,608378
2026-02-26,23.1,23.17,22.72,22.84,426762
2026-02-27,22.86,23.44,22.79,23.34,471704
2026-03-02,22.65,23.06,22.31,22.75,522520
2026-03-03,22.67,22.84,21.17,21.32,502988
2026-03-04,21.0,21.45,20.92,21.08,267029
2026-03-05,21.5,21.62,21.15,21.29,265620
2026-03-06,21.18,21.41,21.1,21.15,269136
2026-03-09,20.7,21.26,20.43,21.18,312981
2026-03-10,21.47,21.82,21.15,21.32,285740
2026-03-11,21.49,21.7,21.1,21.32,317047
2026-03-12,21.05,21.3,20.88,20.93,213732
2026-03-13,20.73,20.85,20.26,20.29,268077
2026-03-16,20.24,20.47,20.13,20.47,164842
2026-03-17,20.51,20.73,20.14,20.19,213435
2026-03-18,20.17,20.61,20.05,20.59,208940
2026-03-19,20.25,21.0,20.2,20.77,387199
2026-03-20,20.75,20.75,19.7,19.7,308917
2026-03-23,19.36,19.5,18.7,18.84,291187
2026-03-24,19.11,19.46,18.82,19.44,232363
2026-03-25,19.35,20.06,19.28,19.95,230674
2026-03-26,19.95,19.98,19.41,19.53,152690
2026-03-27,19.3,19.71,19.2,19.6,125213
2026-03-30,19.26,20.03,19.16,19.81,221985
2026-03-31,19.81,20.04,19.61,19.63,190096
2026-04-01,19.94,19.97,19.62,19.75,151850
2026-04-02,19.62,19.65,19.08,19.18,168568
2026-04-03,19.18,19.28,18.79,18.8,127537
2026-04-07,18.81,19.11,18.72,18.94,106426
2026-04-08,19.33,20.39,19.23,20.35,385417
2026-04-09,19.88,20.11,19.66,19.66,215710
2026-04-10,19.91,20.08,19.7,19.73,168898
2026-04-13,19.5,19.74,19.5,19.63,102767
2026-04-14,19.83,19.96,19.63,19.79,145403
2026-04-15,19.84,19.9,19.37,19.47,192276
2026-04-16,19.5,19.9,19.47,19.84,189232
2026-04-17,19.76,19.86,19.57,19.73,143508
2026-04-20,19.73,20.22,19.64,20.2,245356
2026-04-21,20.08,20.13,19.78,19.87,165130
2026-04-22,19.76,19.79,19.52,19.79,136647
2026-04-23,19.82,19.9,19.48,19.63,180985
2026-04-24,19.52,19.68,19.2,19.49,149885
2026-04-27,19.59,19.88,19.53,19.8,189026
2026-04-28,19.73,19.75,19.23,19.34,147094
2026-04-29,19.33,19.75,19.33,19.51,127401
2026-04-30,19.11,19.25,18.52,18.98,295938
2026-05-06,19.1,19.79,19.08,19.53,284560
2026-05-07,19.6,20.05,19.4,20.01,279852
2026-05-08,20.36,20.49,19.91,19.95,243767
2026-05-11,19.99,20.55,19.86,20.26,339959
2026-05-12,20.18,20.24,19.75,19.91,222164
2026-05-13,19.96,20.08,19.69,20.03,181197
2026-05-14,20.21,20.29,19.02,19.02,311330
2026-05-15,19.13,19.64,18.91,19.07,252385
2026-05-18,19.08,19.23,18.85,18.91,186340
2026-05-19,18.9,19.39,18.8,19.33,203674
2026-05-20,19.28,19.28,18.6,18.72,258641
2026-05-21,18.74,19.0,18.2,18.21,214013
2026-05-22,18.21,18.36,17.92,18.23,167901
2026-05-25,18.34,18.39,17.8,17.92,164210
2026-05-26,17.77,18.08,17.6,17.92,148859
2026-05-27,17.97,18.2,17.6,17.66,165965
2026-05-28,17.58,17.73,17.2,17.56,185038
2026-05-29,17.63,18.03,17.46,17.53,183587
2026-06-01,17.41,18.23,17.37,17.98,227349
2026-06-02,18.02,18.02,17.35,17.53,182544
