date,open,high,low,close,volume
2021-01-19,1.176,1.199,1.17,1.176,1248314852.0
2021-01-20,1.178,1.195,1.173,1.178,1012457772.0
2021-01-21,1.182,1.218,1.176,1.195,1880562357.0
2021-01-22,1.189,1.194,1.166,1.172,1551932804.0
2021-01-25,1.172,1.182,1.159,1.164,1401828427.0
2021-01-26,1.157,1.163,1.12,1.122,2135281458.0
2021-01-27,1.122,1.133,1.118,1.123,890471059.0
2021-01-28,1.112,1.13,1.108,1.115,1211822866.0
2021-01-29,1.122,1.125,1.088,1.106,1260599533.0
2021-02-01,1.111,1.117,1.097,1.1,894593433.0
2021-02-02,1.101,1.104,1.088,1.102,1115983569.0
2021-02-03,1.1,1.103,1.086,1.087,989526431.0
2021-02-04,1.08,1.083,1.051,1.062,1388527308.0
2021-02-05,1.065,1.075,1.052,1.053,992098655.0
2021-02-08,1.054,1.064,1.04,1.056,1018231142.0
2021-02-09,1.056,1.088,1.045,1.087,1424606411.0
2021-02-10,1.082,1.09,1.075,1.086,989987528.0
2021-02-18,1.103,1.108,1.089,1.091,1169397561.0
2021-02-19,1.085,1.111,1.082,1.11,1086636045.0
2021-02-22,1.112,1.119,1.078,1.079,1473492688.0
2021-02-23,1.075,1.09,1.068,1.072,911334825.0
2021-02-24,1.074,1.083,1.058,1.067,1057199601.0
2021-02-25,1.072,1.082,1.061,1.068,979576586.0
2021-02-26,1.051,1.061,1.045,1.05,1142180148.0
2021-03-01,1.051,1.052,1.034,1.042,1102497176.0
2021-03-02,1.045,1.049,1.028,1.031,969507544.0
2021-03-03,1.029,1.048,1.028,1.048,945793770.0
2021-03-04,1.041,1.043,1.023,1.026,1044037019.0
2021-03-05,1.02,1.055,1.017,1.046,1454919476.0
2021-03-08,1.053,1.059,1.026,1.027,1065015653.0
2021-03-09,1.025,1.031,0.993,0.999,1229494285.0
2021-03-10,1.009,1.01,0.993,0.995,795290951.0
2021-03-11,0.996,1.011,0.995,1.009,787416474.0
2021-03-12,1.008,1.022,0.993,1.01,1290038631.0
2021-03-15,1.0,1.0,0.984,0.989,846489638.0
2021-03-16,0.991,0.993,0.982,0.991,512762612.0
2021-03-17,0.989,0.999,0.986,0.994,597448253.0
2021-03-18,0.995,1.005,0.993,0.997,666232777.0
2021-03-19,0.989,0.991,0.982,0.986,706801823.0
2021-03-22,0.989,1.011,0.987,1.002,792403228.0
2021-03-23,1.0,1.017,0.994,1.009,959894069.0
2021-03-24,1.004,1.038,1.002,1.014,1158680408.0
2021-03-25,1.007,1.017,1.005,1.005,547524492.0
2021-03-26,1.007,1.014,1.003,1.011,594792100.0
2021-03-29,1.01,1.02,1.006,1.008,508757185.0
2021-03-30,1.007,1.012,1.005,1.008,478320193.0
2021-03-31,1.005,1.006,0.992,0.992,702992496.0
2021-04-01,0.994,1.001,0.99,0.999,594256533.0
2021-04-02,1.002,1.008,0.998,1.003,610322964.0
2021-04-06,1.007,1.01,1.0,1.001,492591400.0
2021-04-07,0.999,1.004,0.994,0.998,552945388.0
2021-04-08,0.995,1.012,0.994,1.003,837048402.0
2021-04-09,1.0,1.001,0.991,0.992,656136400.0
2021-04-12,0.99,0.992,0.97,0.971,806363314.0
2021-04-13,0.97,0.974,0.963,0.969,612580222.0
2021-04-14,0.969,0.983,0.969,0.98,626526355.0
2021-04-15,0.978,0.978,0.968,0.972,509020613.0
2021-04-16,0.973,0.982,0.97,0.978,564730793.0
2021-04-19,0.976,1.005,0.973,1.004,1130732513.0
2021-04-20,1.001,1.009,0.993,0.994,643009954.0
2021-04-21,0.99,0.999,0.988,0.992,432095570.0
2021-04-22,0.996,1.004,0.993,0.995,542790529.0
2021-04-23,0.992,1.0,0.99,0.993,507266998.0
2021-04-26,0.994,1.004,0.975,0.977,846164739.0
2021-04-27,0.974,0.979,0.961,0.971,903061075.0
2021-04-28,0.968,0.978,0.966,0.974,496412200.0
2021-04-29,0.974,1.005,0.973,0.996,1437636546.0
2021-04-30,0.994,0.999,0.982,0.987,721792660.0
2021-05-06,0.995,1.0,0.978,0.979,625500227.0
2021-05-07,0.977,0.979,0.962,0.963,991180800.0
2021-05-10,0.962,0.963,0.948,0.956,714429568.0
2021-05-11,0.95,0.976,0.948,0.968,762256999.0
2021-05-12,0.963,0.969,0.96,0.967,547569666.0
2021-05-13,0.962,0.97,0.96,0.964,512502136.0
2021-05-14,0.967,1.04,0.966,1.033,3028045259.0
2021-05-17,1.02,1.03,1.01,1.018,1196989324.0
2021-05-18,1.016,1.035,1.013,1.02,924702659.0
2021-05-19,1.016,1.033,1.014,1.02,596867814.0
2021-05-20,1.018,1.045,1.018,1.033,1095011675.0
2021-05-21,1.033,1.034,1.012,1.013,851419128.0
2021-05-24,1.02,1.044,1.019,1.034,1155006906.0
2021-05-25,1.032,1.084,1.031,1.076,2313348726.0
2021-05-26,1.085,1.098,1.075,1.076,1187990046.0
2021-05-27,1.072,1.088,1.068,1.077,894218116.0
2021-05-28,1.075,1.112,1.073,1.093,1296287133.0
2021-05-31,1.093,1.097,1.082,1.094,629203736.0
2021-06-01,1.088,1.089,1.068,1.079,838165364.0
2021-06-02,1.078,1.085,1.055,1.058,737959446.0
2021-06-03,1.058,1.076,1.056,1.057,694873199.0
2021-06-04,1.052,1.098,1.05,1.065,1056753537.0
2021-06-07,1.066,1.083,1.06,1.069,624682141.0
2021-06-08,1.068,1.088,1.066,1.075,699947808.0
2021-06-09,1.076,1.079,1.058,1.062,741456726.0
2021-06-10,1.061,1.08,1.06,1.066,727356618.0
2021-06-11,1.067,1.071,1.047,1.048,770514346.0
2021-06-15,1.048,1.049,1.032,1.032,720118400.0
2021-06-16,1.03,1.038,1.019,1.025,753277293.0
2021-06-17,1.025,1.034,1.022,1.029,634310381.0
2021-06-18,1.028,1.044,1.024,1.039,695810820.0
2021-06-21,1.04,1.049,1.034,1.037,572733447.0
2021-06-22,1.041,1.044,1.03,1.034,581273654.0
2021-06-23,1.034,1.045,1.027,1.039,697080745.0
2021-06-24,1.04,1.054,1.038,1.042,745505987.0
2021-06-25,1.046,1.086,1.041,1.075,1575447002.0
2021-06-28,1.077,1.079,1.06,1.066,737110138.0
2021-06-29,1.064,1.067,1.049,1.05,768027389.0
2021-06-30,1.052,1.065,1.047,1.062,730535410.0
2021-07-01,1.077,1.082,1.03,1.032,1227152573.0
2021-07-02,1.028,1.028,1.003,1.003,1036313197.0
2021-07-05,1.003,1.008,0.995,1.004,592806452.0
2021-07-06,1.005,1.01,0.998,1.009,652427491.0
2021-07-07,1.002,1.016,0.999,1.012,626873146.0
2021-07-08,1.018,1.024,1.009,1.011,638549701.0
2021-07-09,1.008,1.018,1.004,1.014,585494637.0
2021-07-12,1.028,1.044,1.019,1.035,1167890246.0
2021-07-13,1.034,1.038,1.025,1.03,502543450.0
2021-07-14,1.03,1.032,1.018,1.02,621263035.0
2021-07-15,1.018,1.035,1.017,1.034,711669605.0
2021-07-16,1.039,1.048,1.031,1.035,913575557.0
2021-07-19,1.028,1.031,1.02,1.029,681963730.0
2021-07-20,1.022,1.034,1.021,1.027,468628120.0
2021-07-21,1.028,1.052,1.028,1.041,1085877433.0
2021-07-22,1.041,1.061,1.038,1.058,1122327678.0
2021-07-23,1.059,1.094,1.048,1.065,1573237015.0
2021-07-26,1.067,1.072,1.033,1.036,1223869278.0
2021-07-27,1.033,1.041,1.0,1.002,1243676544.0
2021-07-28,1.001,1.009,0.99,0.993,1020992732.0
2021-07-29,1.005,1.015,0.998,1.006,837778872.0
2021-07-30,1.0,1.001,0.983,0.985,922096026.0
2021-08-02,0.981,1.038,0.971,1.02,1502457851.0
2021-08-03,1.014,1.049,1.011,1.024,1135895565.0
2021-08-04,1.022,1.03,1.018,1.026,644028862.0
2021-08-05,1.021,1.03,1.006,1.008,790758551.0
2021-08-06,1.01,1.019,1.007,1.012,624432216.0
2021-08-09,1.009,1.043,1.007,1.034,1157437238.0
2021-08-10,1.031,1.05,1.024,1.049,977668677.0
2021-08-11,1.047,1.056,1.038,1.039,772855228.0
2021-08-12,1.037,1.044,1.031,1.032,511461043.0
2021-08-13,1.032,1.042,1.027,1.034,528840761.0
2021-08-16,1.037,1.058,1.036,1.043,945046999.0
2021-08-17,1.039,1.075,1.033,1.036,1472181800.0
2021-08-18,1.034,1.109,1.033,1.107,2980376815.0
2021-08-19,1.107,1.125,1.082,1.085,1659518685.0
2021-08-20,1.08,1.098,1.068,1.086,1089343976.0
2021-08-23,1.093,1.105,1.081,1.089,830362795.0
2021-08-24,1.089,1.124,1.081,1.111,1366460208.0
2021-08-25,1.102,1.109,1.09,1.095,1008490099.0
2021-08-26,1.093,1.101,1.078,1.08,884772816.0
2021-08-27,1.079,1.094,1.073,1.077,746902770.0
2021-08-30,1.083,1.085,1.054,1.059,1114405388.0
2021-08-31,1.055,1.092,1.049,1.083,1347646666.0
2021-09-01,1.078,1.148,1.073,1.122,2115033899.0
2021-09-02,1.12,1.146,1.116,1.14,1703823485.0
2021-09-03,1.185,1.193,1.128,1.128,1991809779.0
2021-09-06,1.129,1.174,1.129,1.164,1642487211.0
2021-09-07,1.156,1.197,1.144,1.195,1591798375.0
2021-09-08,1.189,1.223,1.184,1.189,1526990816.0
2021-09-09,1.176,1.185,1.165,1.18,983319364.0
2021-09-10,1.187,1.234,1.184,1.195,1583380842.0
2021-09-13,1.191,1.219,1.191,1.201,853308939.0
2021-09-14,1.199,1.203,1.16,1.166,1143381496.0
2021-09-15,1.161,1.175,1.15,1.162,889175516.0
2021-09-16,1.162,1.167,1.133,1.136,1043385409.0
2021-09-17,1.136,1.152,1.131,1.15,835790443.0
2021-09-22,1.132,1.149,1.131,1.14,741245644.0
2021-09-23,1.148,1.167,1.141,1.155,889979351.0
2021-09-24,1.154,1.163,1.138,1.14,814242418.0
2021-09-27,1.14,1.146,1.102,1.107,1195751801.0
2021-09-28,1.111,1.134,1.11,1.125,770229324.0
2021-09-29,1.115,1.119,1.095,1.111,1001961993.0
2021-09-30,1.113,1.115,1.101,1.109,654061970.0
2021-10-08,1.119,1.126,1.112,1.12,716283234.0
2021-10-11,1.121,1.128,1.111,1.112,625108045.0
2021-10-12,1.106,1.107,1.066,1.078,1326010030.0
2021-10-13,1.078,1.089,1.068,1.085,637385523.0
2021-10-14,1.081,1.086,1.073,1.082,605561116.0
2021-10-15,1.076,1.087,1.074,1.081,685694239.0
2021-10-18,1.082,1.086,1.075,1.082,503898277.0
2021-10-19,1.081,1.097,1.079,1.09,687868770.0
2021-10-20,1.089,1.094,1.084,1.084,549985980.0
2021-10-21,1.085,1.099,1.078,1.087,797852437.0
2021-10-22,1.088,1.097,1.082,1.089,664068229.0
2021-10-25,1.09,1.108,1.079,1.103,1047612192.0
2021-10-26,1.099,1.106,1.092,1.092,640564507.0
2021-10-27,1.086,1.089,1.062,1.064,1078339129.0
2021-10-28,1.059,1.068,1.052,1.056,715214975.0
2021-10-29,1.055,1.07,1.039,1.064,1027427205.0
2021-11-01,1.059,1.076,1.058,1.068,736101283.0
2021-11-02,1.066,1.071,1.038,1.046,963228736.0
2021-11-03,1.047,1.055,1.045,1.049,523742015.0
2021-11-04,1.055,1.062,1.048,1.05,556527365.0
2021-11-05,1.049,1.057,1.044,1.048,591347292.0
2021-11-08,1.047,1.064,1.044,1.059,651407239.0
2021-11-09,1.06,1.067,1.055,1.065,660887933.0
2021-11-10,1.062,1.067,1.053,1.062,675539861.0
2021-11-11,1.061,1.098,1.06,1.094,1485223036.0
2021-11-12,1.091,1.095,1.081,1.091,630880627.0
2021-11-15,1.091,1.095,1.08,1.084,615803445.0
2021-11-16,1.082,1.086,1.066,1.069,908404793.0
2021-11-17,1.067,1.073,1.065,1.068,536089900.0
2021-11-18,1.066,1.066,1.055,1.056,720058500.0
2021-11-19,1.054,1.083,1.053,1.075,976404150.0
2021-11-22,1.073,1.09,1.071,1.083,924923042.0
2021-11-23,1.08,1.099,1.079,1.085,982632802.0
2021-11-24,1.085,1.09,1.079,1.083,599058706.0
2021-11-25,1.082,1.085,1.077,1.079,518650400.0
2021-11-26,1.077,1.079,1.07,1.071,582654500.0
2021-11-29,1.065,1.066,1.057,1.061,798746000.0
2021-11-30,1.064,1.072,1.057,1.061,617356685.0
2021-12-01,1.059,1.077,1.058,1.076,724253866.0
2021-12-02,1.073,1.09,1.07,1.084,902963959.0
2021-12-03,1.086,1.093,1.076,1.09,794457924.0
2021-12-06,1.097,1.137,1.097,1.104,1996589412.0
2021-12-07,1.118,1.121,1.1,1.108,963341825.0
2021-12-08,1.11,1.123,1.101,1.123,916146770.0
2021-12-09,1.12,1.164,1.119,1.145,1666441850.0
2021-12-10,1.133,1.138,1.126,1.129,812730749.0
2021-12-13,1.148,1.167,1.131,1.134,1421628512.0
2021-12-14,1.128,1.14,1.126,1.128,810520216.0
2021-12-15,1.128,1.146,1.127,1.133,764661488.0
2021-12-16,1.137,1.144,1.131,1.144,651291188.0
2021-12-17,1.143,1.15,1.131,1.133,756882188.0
2021-12-20,1.128,1.136,1.11,1.114,751368707.0
2021-12-21,1.113,1.129,1.109,1.128,759167111.0
2021-12-22,1.126,1.127,1.116,1.118,461902381.0
2021-12-23,1.119,1.123,1.108,1.116,614871736.0
2021-12-24,1.117,1.125,1.108,1.11,561551100.0
2021-12-27,1.11,1.117,1.106,1.112,431383346.0
2021-12-28,1.114,1.12,1.109,1.119,619927684.0
2021-12-29,1.119,1.12,1.106,1.107,562664033.0
2021-12-30,1.106,1.129,1.103,1.124,862412526.0
2021-12-31,1.126,1.135,1.122,1.127,626302361.0
2022-01-04,1.127,1.129,1.113,1.123,597142623.0
2022-01-05,1.121,1.124,1.108,1.111,732229804.0
2022-01-06,1.105,1.108,1.088,1.089,918331235.0
2022-01-07,1.094,1.1,1.09,1.09,567050000.0
2022-01-10,1.092,1.098,1.089,1.091,525696570.0
2022-01-11,1.09,1.102,1.088,1.091,714375993.0
2022-01-12,1.094,1.097,1.086,1.095,774218193.0
2022-01-13,1.099,1.103,1.087,1.089,969167817.0
2022-01-14,1.078,1.078,1.058,1.06,1140812265.0
2022-01-17,1.057,1.073,1.057,1.069,630595680.0
2022-01-18,1.068,1.079,1.064,1.072,633628362.0
2022-01-19,1.072,1.085,1.071,1.076,625096691.0
2022-01-20,1.075,1.101,1.073,1.092,1063694632.0
2022-01-21,1.089,1.093,1.081,1.083,609199566.0
2022-01-24,1.079,1.086,1.075,1.076,503394205.0
2022-01-25,1.071,1.075,1.046,1.049,792145953.0
2022-01-26,1.05,1.068,1.047,1.065,775452076.0
2022-01-27,1.06,1.062,1.04,1.041,804478632.0
2022-01-28,1.047,1.06,1.03,1.031,751492045.0
2022-02-07,1.045,1.052,1.038,1.045,791811200.0
2022-02-08,1.045,1.061,1.038,1.061,727802426.0
2022-02-09,1.059,1.066,1.056,1.063,522040760.0
2022-02-10,1.062,1.065,1.056,1.064,461016002.0
2022-02-11,1.062,1.079,1.06,1.064,800348053.0
2022-02-14,1.056,1.056,1.011,1.017,1614660390.0
2022-02-15,1.014,1.018,1.01,1.017,644674290.0
2022-02-16,1.022,1.027,1.016,1.02,464418723.0
2022-02-17,1.017,1.021,1.01,1.012,593181822.0
2022-02-18,1.007,1.016,1.005,1.014,535727331.0
2022-02-21,1.014,1.016,1.007,1.013,545091532.0
2022-02-22,1.006,1.007,0.991,0.993,888242728.0
2022-02-23,0.996,1.006,0.993,1.005,696766732.0
2022-02-24,1.0,1.004,0.968,0.978,1004401657.0
2022-02-25,0.986,0.992,0.976,0.979,621140823.0
2022-02-28,0.978,0.981,0.967,0.976,526420900.0
2022-03-01,0.979,0.987,0.977,0.986,639195559.0
2022-03-02,0.98,0.983,0.978,0.98,440903923.0
2022-03-03,0.984,0.988,0.978,0.981,463737123.0
2022-03-04,0.976,0.976,0.964,0.969,653119700.0
2022-03-07,0.963,0.964,0.941,0.943,786325700.0
2022-03-08,0.942,0.95,0.923,0.924,797625234.0
2022-03-09,0.929,0.93,0.865,0.901,1076058740.0
2022-03-10,0.917,0.919,0.896,0.897,808847762.0
2022-03-11,0.881,0.922,0.87,0.916,1099914901.0
2022-03-14,0.9,0.919,0.898,0.902,644329758.0
2022-03-15,0.895,0.913,0.869,0.871,905363489.0
2022-03-16,0.881,0.93,0.867,0.925,1467673697.0
2022-03-17,0.936,0.944,0.918,0.921,1143771806.0
2022-03-18,0.918,0.934,0.915,0.93,880060719.0
2022-03-21,0.925,0.926,0.911,0.916,653135427.0
2022-03-22,0.912,0.926,0.91,0.917,612555043.0
2022-03-23,0.918,0.92,0.914,0.916,420713628.0
2022-03-24,0.911,0.914,0.904,0.906,488045921.0
2022-03-25,0.906,0.915,0.896,0.897,633904481.0
2022-03-28,0.888,0.905,0.885,0.897,572963481.0
2022-03-29,0.9,0.903,0.888,0.889,493573067.0
2022-03-30,0.895,0.926,0.895,0.924,1142227166.0
2022-03-31,0.918,0.924,0.915,0.917,485509947.0
2022-04-01,0.911,0.933,0.911,0.929,762245747.0
2022-04-06,0.923,0.932,0.922,0.929,509141927.0
2022-04-07,0.927,0.936,0.912,0.913,610041727.0
2022-04-08,0.913,0.93,0.905,0.925,689337278.0
2022-04-11,0.921,0.921,0.895,0.898,730669600.0
2022-04-12,0.896,0.935,0.893,0.925,924997310.0
2022-04-13,0.918,0.932,0.914,0.918,660565447.0
2022-04-14,0.925,0.938,0.92,0.931,1029324172.0
2022-04-15,0.925,0.939,0.919,0.925,693068599.0
2022-04-18,0.912,0.913,0.894,0.902,857610204.0
2022-04-19,0.9,0.904,0.891,0.895,637618996.0
2022-04-20,0.895,0.897,0.876,0.88,826246029.0
2022-04-21,0.875,0.894,0.872,0.877,751499456.0
2022-04-22,0.873,0.885,0.87,0.879,629925337.0
2022-04-25,0.861,0.881,0.849,0.853,958057380.0
2022-04-26,0.851,0.852,0.808,0.811,1093740354.0
2022-04-27,0.795,0.829,0.794,0.823,896186587.0
2022-04-28,0.815,0.819,0.798,0.806,825272691.0
2022-04-29,0.825,0.855,0.814,0.843,1522673676.0
2022-05-05,0.83,0.837,0.826,0.83,568686766.0
2022-05-06,0.818,0.821,0.806,0.808,853633499.0
2022-05-09,0.805,0.815,0.803,0.809,412184403.0
2022-05-10,0.802,0.827,0.8,0.821,713480382.0
2022-05-11,0.821,0.846,0.819,0.826,1054955677.0
2022-05-12,0.822,0.841,0.821,0.827,646318105.0
2022-05-13,0.831,0.838,0.826,0.833,631593906.0
2022-05-16,0.841,0.842,0.824,0.824,493810697.0
2022-05-17,0.826,0.834,0.82,0.83,495395416.0
2022-05-18,0.833,0.839,0.828,0.832,610231335.0
2022-05-19,0.822,0.832,0.82,0.83,478851949.0
2022-05-20,0.834,0.847,0.833,0.846,879606568.0
2022-05-23,0.844,0.851,0.838,0.848,500110850.0
2022-05-24,0.847,0.852,0.824,0.825,620198060.0
2022-05-25,0.823,0.83,0.823,0.828,480040100.0
2022-05-26,0.829,0.85,0.822,0.842,779549170.0
2022-05-27,0.845,0.85,0.835,0.839,741750973.0
2022-05-30,0.842,0.843,0.832,0.837,481708507.0
2022-05-31,0.836,0.848,0.833,0.847,737288720.0
2022-06-01,0.846,0.849,0.838,0.844,592905135.0
2022-06-02,0.84,0.852,0.836,0.848,616629753.0
2022-06-06,0.847,0.869,0.844,0.868,970676732.0
2022-06-07,0.865,0.884,0.864,0.868,864379378.0
2022-06-08,0.869,0.887,0.867,0.882,1110221794.0
2022-06-09,0.886,0.906,0.879,0.883,1351566997.0
2022-06-10,0.877,0.909,0.874,0.905,1151320545.0
2022-06-13,0.893,0.906,0.886,0.894,780189512.0
2022-06-14,0.883,0.945,0.874,0.942,1540280979.0
2022-06-15,0.947,1.008,0.947,0.971,2796436078.0
2022-06-16,0.969,0.969,0.929,0.931,1804414654.0
2022-06-17,0.92,0.942,0.906,0.927,1334468294.0
2022-06-20,0.924,0.938,0.918,0.922,868847613.0
2022-06-21,0.922,0.928,0.911,0.918,870973705.0
2022-06-22,0.92,0.927,0.903,0.904,959286927.0
2022-06-23,0.902,0.943,0.902,0.937,1214293841.0
2022-06-24,0.941,0.945,0.928,0.937,882449835.0
2022-06-27,0.943,0.95,0.936,0.938,1068317200.0
2022-06-28,0.937,0.954,0.926,0.947,857071444.0
2022-06-29,0.942,0.953,0.924,0.926,1008104907.0
2022-06-30,0.929,0.945,0.928,0.934,738695550.0
2022-07-01,0.935,0.937,0.92,0.924,681106906.0
2022-07-04,0.923,0.928,0.911,0.926,655791612.0
2022-07-05,0.929,0.933,0.909,0.915,971543188.0
2022-07-06,0.914,0.916,0.902,0.906,893873443.0
2022-07-07,0.904,0.912,0.902,0.903,682824397.0
2022-07-08,0.907,0.911,0.894,0.895,868553636.0
2022-07-11,0.894,0.894,0.885,0.886,648441430.0
2022-07-12,0.889,0.901,0.884,0.89,752361982.0
2022-07-13,0.889,0.895,0.884,0.888,581428896.0
2022-07-14,0.885,0.89,0.88,0.882,580661741.0
2022-07-15,0.879,0.882,0.857,0.859,899428734.0
2022-07-18,0.862,0.881,0.862,0.877,723558539.0
2022-07-19,0.877,0.887,0.873,0.884,570252300.0
2022-07-20,0.887,0.889,0.881,0.883,470412529.0
2022-07-21,0.882,0.885,0.876,0.876,471646016.0
2022-07-22,0.879,0.887,0.87,0.876,598936065.0
2022-07-25,0.876,0.877,0.866,0.867,457309639.0
2022-07-26,0.868,0.877,0.866,0.871,408273016.0
2022-07-27,0.869,0.874,0.866,0.87,381655192.0
2022-07-28,0.875,0.886,0.873,0.877,697714900.0
2022-07-29,0.878,0.883,0.867,0.869,509853814.0
2022-08-01,0.866,0.868,0.856,0.86,627437424.0
2022-08-02,0.852,0.852,0.825,0.835,920803278.0
2022-08-03,0.835,0.844,0.829,0.831,556620304.0
2022-08-04,0.836,0.84,0.831,0.836,508496014.0
2022-08-05,0.838,0.858,0.835,0.857,842817833.0
2022-08-08,0.853,0.86,0.851,0.858,416548880.0
2022-08-09,0.856,0.862,0.853,0.855,374394631.0
2022-08-10,0.853,0.863,0.849,0.852,471497500.0
2022-08-11,0.858,0.898,0.856,0.898,1538695794.0
2022-08-12,0.891,0.902,0.888,0.894,674294645.0
2022-08-15,0.889,0.898,0.886,0.888,497850447.0
2022-08-16,0.89,0.895,0.886,0.888,423205500.0
2022-08-17,0.89,0.908,0.884,0.903,902092782.0
2022-08-18,0.9,0.904,0.895,0.897,519281000.0
2022-08-19,0.896,0.904,0.891,0.892,460648400.0
2022-08-22,0.89,0.895,0.887,0.89,541484500.0
2022-08-23,0.889,0.905,0.884,0.893,655380200.0
2022-08-24,0.891,0.911,0.88,0.881,808638846.0
2022-08-25,0.882,0.9,0.881,0.896,688918267.0
2022-08-26,0.896,0.898,0.886,0.889,541503690.0
2022-08-29,0.879,0.885,0.876,0.884,528041867.0
2022-08-30,0.883,0.891,0.874,0.883,695289339.0
2022-08-31,0.88,0.899,0.879,0.887,780610222.0
2022-09-01,0.886,0.89,0.877,0.879,547358127.0
2022-09-02,0.878,0.885,0.871,0.875,490459500.0
2022-09-05,0.874,0.882,0.871,0.881,488533314.0
2022-09-06,0.885,0.893,0.883,0.891,578044208.0
2022-09-07,0.888,0.889,0.884,0.886,484996836.0
2022-09-08,0.888,0.892,0.882,0.883,431395899.0
2022-09-09,0.884,0.903,0.883,0.899,807047715.0
2022-09-13,0.901,0.909,0.896,0.896,590051632.0
2022-09-14,0.887,0.891,0.882,0.886,745239959.0
2022-09-15,0.889,0.895,0.878,0.883,650259200.0
2022-09-16,0.88,0.881,0.83,0.834,1493300081.0
2022-09-19,0.83,0.832,0.82,0.823,598102781.0
2022-09-20,0.826,0.83,0.821,0.823,403963500.0
2022-09-21,0.82,0.827,0.811,0.824,514763251.0
2022-09-22,0.817,0.826,0.815,0.821,440659987.0
2022-09-23,0.82,0.828,0.815,0.821,547797416.0
2022-09-26,0.815,0.818,0.802,0.804,614456501.0
2022-09-27,0.805,0.811,0.801,0.811,484337611.0
2022-09-28,0.807,0.808,0.795,0.796,546369923.0
2022-09-29,0.801,0.803,0.781,0.786,637208600.0
2022-09-30,0.785,0.792,0.781,0.783,492095530.0
2022-10-10,0.783,0.788,0.774,0.775,451514095.0
2022-10-11,0.777,0.791,0.773,0.782,470722499.0
2022-10-12,0.782,0.8,0.778,0.799,577598834.0
2022-10-13,0.794,0.801,0.793,0.796,396714122.0
2022-10-14,0.803,0.814,0.801,0.809,593330058.0
2022-10-17,0.805,0.814,0.803,0.812,421801294.0
2022-10-18,0.816,0.818,0.808,0.81,452182662.0
2022-10-19,0.809,0.812,0.8,0.802,400623688.0
2022-10-20,0.798,0.817,0.798,0.805,503410978.0
2022-10-21,0.823,0.827,0.806,0.808,683232073.0
2022-10-24,0.81,0.826,0.789,0.792,795234591.0
2022-10-25,0.79,0.793,0.77,0.778,715543919.0
2022-10-26,0.779,0.793,0.777,0.784,622754532.0
2022-10-27,0.785,0.796,0.782,0.787,531950912.0
2022-10-28,0.782,0.79,0.767,0.77,699209264.0
2022-10-31,0.766,0.78,0.763,0.77,585932246.0
2022-11-01,0.772,0.794,0.771,0.793,770508785.0
2022-11-02,0.789,0.801,0.788,0.795,668166754.0
2022-11-03,0.791,0.794,0.788,0.791,409659372.0
2022-11-04,0.791,0.82,0.791,0.816,1164197581.0
2022-11-07,0.809,0.819,0.807,0.815,619850649.0
2022-11-08,0.814,0.817,0.806,0.81,460291600.0
2022-11-09,0.81,0.814,0.806,0.807,358430800.0
2022-11-10,0.803,0.816,0.801,0.812,580134640.0
2022-11-11,0.834,0.846,0.821,0.833,1360941253.0
2022-11-14,0.836,0.856,0.835,0.838,1108363674.0
2022-11-15,0.835,0.88,0.834,0.869,1443531916.0
2022-11-16,0.865,0.869,0.853,0.855,581246018.0
2022-11-17,0.852,0.86,0.849,0.859,672115919.0
2022-11-18,0.858,0.86,0.846,0.848,687716950.0
2022-11-21,0.842,0.842,0.827,0.832,615032300.0
2022-11-22,0.831,0.843,0.828,0.834,538789586.0
2022-11-23,0.833,0.842,0.83,0.834,477667272.0
2022-11-24,0.842,0.845,0.83,0.831,447535100.0
2022-11-25,0.829,0.845,0.829,0.839,554231898.0
2022-11-28,0.826,0.828,0.813,0.827,653095212.0
2022-11-29,0.828,0.863,0.827,0.858,1413930801.0
2022-11-30,0.853,0.868,0.853,0.855,684664466.0
2022-12-01,0.871,0.888,0.86,0.862,1205926481.0
2022-12-02,0.859,0.867,0.853,0.857,441159770.0
2022-12-05,0.867,0.887,0.865,0.885,1058478240.0
2022-12-06,0.879,0.895,0.879,0.881,778810131.0
2022-12-07,0.88,0.887,0.869,0.876,763983529.0
2022-12-08,0.875,0.877,0.869,0.875,419885053.0
2022-12-09,0.875,0.884,0.867,0.879,776457997.0
2022-12-12,0.874,0.874,0.858,0.859,760855390.0
2022-12-13,0.859,0.865,0.857,0.859,318902900.0
2022-12-14,0.862,0.87,0.857,0.865,518999603.0
2022-12-15,0.863,0.867,0.857,0.859,421357000.0
2022-12-16,0.854,0.862,0.853,0.856,428231649.0
2022-12-19,0.858,0.863,0.829,0.833,633388428.0
2022-12-20,0.831,0.836,0.824,0.829,504083100.0
2022-12-21,0.83,0.834,0.824,0.828,333202666.0
2022-12-22,0.833,0.839,0.823,0.827,438863066.0
2022-12-23,0.821,0.833,0.821,0.826,508386500.0
2022-12-26,0.827,0.829,0.82,0.825,420298300.0
2022-12-27,0.831,0.839,0.827,0.836,574615700.0
2022-12-28,0.832,0.837,0.829,0.832,343031700.0
2022-12-29,0.829,0.832,0.822,0.828,630303857.0
2022-12-30,0.831,0.836,0.83,0.832,431337536.0
2023-01-03,0.825,0.83,0.808,0.829,734421619.0
2023-01-04,0.826,0.835,0.826,0.83,558285498.0
2023-01-05,0.835,0.85,0.835,0.846,918309086.0
2023-01-06,0.844,0.855,0.843,0.846,1287628181.0
2023-01-09,0.851,0.87,0.851,0.862,852260450.0
2023-01-10,0.863,0.874,0.858,0.859,573484512.0
2023-01-11,0.861,0.864,0.853,0.855,437549334.0
2023-01-12,0.857,0.863,0.851,0.862,594501863.0
2023-01-13,0.865,0.88,0.86,0.879,723073258.0
2023-01-16,0.883,0.927,0.88,0.909,1803388641.0
2023-01-17,0.904,0.919,0.902,0.918,762116735.0
2023-01-18,0.916,0.924,0.912,0.914,598818185.0
2023-01-19,0.912,0.935,0.911,0.934,806108006.0
2023-01-20,0.936,0.937,0.92,0.929,864493017.0
2023-01-30,0.944,0.947,0.92,0.921,1072845990.0
2023-01-31,0.92,0.927,0.908,0.918,939939320.0
2023-02-01,0.917,0.94,0.914,0.939,1054701367.0
2023-02-02,0.955,0.957,0.92,0.921,1350305400.0
2023-02-03,0.915,0.921,0.904,0.914,993526483.0
2023-02-06,0.905,0.907,0.895,0.896,670137100.0
2023-02-07,0.9,0.904,0.895,0.9,446772355.0
2023-02-08,0.901,0.902,0.89,0.891,525642900.0
2023-02-09,0.889,0.906,0.889,0.906,593502123.0
2023-02-10,0.902,0.904,0.894,0.898,521226200.0
2023-02-13,0.894,0.903,0.892,0.903,490578031.0
2023-02-14,0.906,0.907,0.895,0.9,440912210.0
2023-02-15,0.9,0.901,0.892,0.892,431634900.0
2023-02-16,0.892,0.91,0.88,0.888,1058958852.0
2023-02-17,0.884,0.889,0.871,0.872,730452893.0
2023-02-20,0.88,0.907,0.878,0.906,1162160773.0
2023-02-21,0.903,0.911,0.9,0.908,701414928.0
2023-02-22,0.904,0.912,0.898,0.899,622729757.0
2023-02-23,0.9,0.917,0.9,0.906,698364662.0
2023-02-24,0.907,0.908,0.89,0.893,562883722.0
2023-02-27,0.884,0.888,0.879,0.881,576772234.0
2023-02-28,0.885,0.89,0.88,0.889,494128760.0
2023-03-01,0.888,0.904,0.886,0.9,685772409.0
2023-03-02,0.899,0.902,0.896,0.899,430753629.0
2023-03-03,0.901,0.907,0.895,0.905,684015860.0
2023-03-06,0.907,0.907,0.891,0.891,624307669.0
2023-03-07,0.89,0.899,0.873,0.876,894094986.0
2023-03-08,0.872,0.875,0.87,0.874,454738638.0
2023-03-09,0.875,0.876,0.868,0.871,393054572.0
2023-03-10,0.865,0.869,0.858,0.86,649078877.0
2023-03-13,0.859,0.865,0.856,0.863,446529281.0
2023-03-14,0.861,0.861,0.846,0.855,620820169.0
2023-03-15,0.86,0.865,0.859,0.86,462389403.0
2023-03-16,0.855,0.86,0.851,0.853,388039900.0
2023-03-17,0.86,0.875,0.859,0.868,741665462.0
2023-03-20,0.868,0.873,0.857,0.859,481236300.0
2023-03-21,0.862,0.867,0.859,0.866,507040500.0
2023-03-22,0.867,0.87,0.855,0.86,723051500.0
2023-03-23,0.855,0.87,0.854,0.869,658130385.0
2023-03-24,0.871,0.877,0.868,0.873,564372910.0
2023-03-27,0.871,0.881,0.868,0.876,574683300.0
2023-03-28,0.875,0.877,0.867,0.868,490433148.0
2023-03-29,0.87,0.871,0.859,0.865,527468400.0
2023-03-30,0.863,0.871,0.853,0.868,714461400.0
2023-03-31,0.867,0.871,0.865,0.867,497838213.0
2023-04-03,0.867,0.904,0.866,0.902,1843065627.0
2023-04-04,0.903,0.911,0.901,0.906,885394749.0
2023-04-06,0.902,0.905,0.896,0.899,542844282.0
2023-04-07,0.901,0.913,0.897,0.91,812838488.0
2023-04-10,0.92,0.922,0.9,0.901,812154515.0
2023-04-11,0.906,0.924,0.905,0.91,892220067.0
2023-04-12,0.911,0.919,0.905,0.913,578902837.0
2023-04-13,0.907,0.908,0.898,0.902,579950400.0
2023-04-14,0.903,0.906,0.895,0.9,639257622.0
2023-04-17,0.902,0.928,0.901,0.926,1261287319.0
2023-04-18,0.924,0.934,0.918,0.923,911539903.0
2023-04-19,0.92,0.92,0.907,0.909,650188729.0
2023-04-20,0.907,0.913,0.901,0.912,559620203.0
2023-04-21,0.911,0.911,0.875,0.877,1060190198.0
2023-04-24,0.874,0.878,0.857,0.862,805206740.0
2023-04-25,0.864,0.872,0.857,0.866,682558714.0
2023-04-26,0.862,0.867,0.859,0.864,485946822.0
2023-04-27,0.862,0.873,0.859,0.871,743188978.0
2023-04-28,0.874,0.896,0.869,0.888,891616501.0
2023-05-04,0.883,0.901,0.879,0.899,778812692.0
2023-05-05,0.9,0.931,0.899,0.912,1449140712.0
2023-05-08,0.913,0.942,0.904,0.932,1923941446.0
2023-05-09,0.936,0.984,0.932,0.941,2608514758.0
2023-05-10,0.932,0.94,0.912,0.915,880760085.0
2023-05-11,0.917,0.926,0.913,0.914,776075502.0
2023-05-12,0.912,0.918,0.901,0.902,574656504.0
2023-05-15,0.902,0.918,0.883,0.915,1076322796.0
2023-05-16,0.913,0.925,0.906,0.908,592766402.0
2023-05-17,0.906,0.913,0.901,0.904,483431600.0
2023-05-18,0.907,0.912,0.899,0.902,486100333.0
2023-05-19,0.9,0.901,0.887,0.889,1055551521.0
2023-05-22,0.888,0.892,0.884,0.887,457053644.0
2023-05-23,0.888,0.889,0.874,0.874,624969500.0
2023-05-24,0.872,0.873,0.861,0.862,779761200.0
2023-05-25,0.859,0.864,0.852,0.863,703469939.0
2023-05-26,0.861,0.867,0.857,0.865,572880879.0
2023-05-29,0.866,0.867,0.856,0.857,772962806.0
2023-05-30,0.857,0.861,0.848,0.86,631396461.0
2023-05-31,0.858,0.859,0.851,0.854,526907800.0
2023-06-01,0.854,0.864,0.851,0.856,594412459.0
2023-06-02,0.859,0.863,0.857,0.862,524287559.0
2023-06-05,0.862,0.863,0.855,0.857,432041633.0
2023-06-06,0.856,0.862,0.843,0.844,623164680.0
2023-06-07,0.845,0.854,0.844,0.847,419628694.0
2023-06-08,0.847,0.86,0.842,0.857,744140975.0
2023-06-09,0.857,0.857,0.851,0.854,437920865.0
2023-06-12,0.852,0.853,0.844,0.847,506122600.0
2023-06-13,0.845,0.851,0.844,0.851,392553592.0
2023-06-14,0.852,0.862,0.85,0.852,584436345.0
2023-06-15,0.853,0.865,0.852,0.864,760364148.0
2023-06-16,0.865,0.87,0.86,0.869,700683824.0
2023-06-19,0.866,0.867,0.86,0.861,511554700.0
2023-06-20,0.861,0.864,0.856,0.858,498460353.0
2023-06-21,0.856,0.859,0.842,0.843,636552472.0
2023-06-26,0.837,0.837,0.822,0.823,789862200.0
2023-06-27,0.824,0.832,0.823,0.83,393790586.0
2023-06-28,0.83,0.832,0.823,0.831,370745700.0
2023-06-29,0.829,0.833,0.826,0.828,362429100.0
2023-06-30,0.828,0.845,0.827,0.842,603692850.0
2023-07-03,0.842,0.858,0.842,0.855,685568739.0
2023-07-04,0.853,0.858,0.85,0.853,325502892.0
2023-07-05,0.854,0.855,0.848,0.849,283453300.0
2023-07-06,0.848,0.853,0.844,0.847,323566072.0
2023-07-07,0.845,0.857,0.843,0.852,419734055.0
2023-07-10,0.857,0.859,0.851,0.852,351974325.0
2023-07-11,0.855,0.858,0.852,0.858,391234300.0
2023-07-12,0.858,0.861,0.848,0.849,444476680.0
2023-07-13,0.854,0.867,0.853,0.865,738309617.0
2023-07-14,0.866,0.867,0.862,0.863,311875450.0
2023-07-17,0.862,0.863,0.855,0.858,307143700.0
2023-07-18,0.86,0.865,0.857,0.86,346336894.0
2023-07-19,0.859,0.867,0.859,0.866,408789647.0
2023-07-20,0.868,0.87,0.859,0.859,428165400.0
2023-07-21,0.86,0.867,0.858,0.862,482105100.0
2023-07-24,0.858,0.866,0.856,0.861,418349172.0
2023-07-25,0.888,0.911,0.883,0.908,2089349056.0
2023-07-26,0.902,0.909,0.896,0.904,954367911.0
2023-07-27,0.904,0.91,0.896,0.897,720970380.0
2023-07-28,0.895,0.974,0.894,0.973,2666961918.0
2023-07-31,0.982,1.004,0.972,0.974,2460985265.0
2023-08-01,0.96,0.989,0.959,0.965,1433723325.0
2023-08-02,0.962,0.995,0.962,0.973,1405704321.0
2023-08-03,0.984,1.015,0.967,1.011,1697250816.0
2023-08-04,1.035,1.066,1.016,1.022,3176653926.0
2023-08-07,1.0,1.022,0.996,1.02,1281768034.0
2023-08-08,1.012,1.035,0.984,1.012,1514883410.0
2023-08-09,1.004,1.022,1.003,1.009,833125502.0
2023-08-10,1.008,1.031,1.007,1.03,1077461684.0
2023-08-11,1.022,1.023,0.984,0.985,1587522752.0
2023-08-14,0.964,0.99,0.96,0.975,1133187281.0
2023-08-15,0.969,0.993,0.969,0.992,937404616.0
2023-08-16,0.981,1.019,0.969,0.995,1407073961.0
2023-08-17,0.985,1.001,0.976,0.995,1007020250.0
2023-08-18,0.995,1.009,0.976,0.977,856068684.0
2023-08-21,0.969,0.976,0.943,0.944,1212163446.0
2023-08-22,0.949,0.969,0.942,0.959,979797204.0
2023-08-23,0.952,0.955,0.935,0.938,776562614.0
2023-08-24,0.941,0.966,0.941,0.95,824461971.0
2023-08-25,0.947,0.965,0.945,0.957,737458841.0
2023-08-28,1.053,1.053,0.976,0.981,2762122507.0
2023-08-29,0.967,0.983,0.946,0.975,1808354930.0
2023-08-30,0.967,0.967,0.943,0.946,1180349021.0
2023-08-31,0.944,0.951,0.926,0.927,1096205931.0
2023-09-01,0.933,0.938,0.926,0.928,603615947.0
2023-09-04,0.932,0.94,0.924,0.936,785982791.0
2023-09-05,0.934,0.934,0.924,0.926,563731309.0
2023-09-06,0.922,0.926,0.917,0.924,544759400.0
2023-09-07,0.922,0.929,0.915,0.919,696616982.0
2023-09-08,0.916,0.928,0.911,0.923,708299793.0
2023-09-11,0.925,0.944,0.917,0.938,982594124.0
2023-09-12,0.933,0.935,0.926,0.927,474141400.0
2023-09-13,0.926,0.928,0.914,0.917,528835152.0
2023-09-14,0.918,0.924,0.916,0.922,493397782.0
2023-09-15,0.924,0.926,0.912,0.917,566968481.0
2023-09-18,0.911,0.918,0.906,0.915,414139730.0
2023-09-19,0.916,0.921,0.912,0.916,392014998.0
2023-09-20,0.914,0.918,0.91,0.913,378030619.0
2023-09-21,0.91,0.918,0.905,0.906,512410445.0
2023-09-22,0.904,0.934,0.903,0.933,996882596.0
2023-09-25,0.927,0.928,0.91,0.912,699993018.0
2023-09-26,0.91,0.916,0.909,0.912,318626005.0
2023-09-27,0.911,0.916,0.91,0.913,514292057.0
2023-09-28,0.914,0.916,0.905,0.908,528809030.0
2023-10-09,0.902,0.904,0.885,0.896,594203571.0
2023-10-10,0.899,0.903,0.892,0.893,408131993.0
2023-10-11,0.897,0.901,0.888,0.89,499313700.0
2023-10-12,0.904,0.907,0.898,0.902,500844438.0
2023-10-13,0.895,0.896,0.891,0.892,365044926.0
2023-10-16,0.892,0.896,0.885,0.89,619235332.0
2023-10-17,0.892,0.91,0.887,0.903,596311842.0
2023-10-18,0.898,0.907,0.897,0.902,483735400.0
2023-10-19,0.896,0.911,0.895,0.897,616589200.0
2023-10-20,0.891,0.904,0.89,0.899,501957194.0
2023-10-23,0.894,0.894,0.872,0.877,782179800.0
2023-10-24,0.88,0.908,0.879,0.905,831469310.0
2023-10-25,0.912,0.915,0.902,0.905,778158516.0
2023-10-26,0.902,0.905,0.894,0.903,558857581.0
2023-10-27,0.899,0.91,0.894,0.908,710267363.0
2023-10-30,0.902,0.905,0.895,0.903,819415200.0
2023-10-31,0.903,0.909,0.9,0.903,564174198.0
2023-11-01,0.909,0.911,0.902,0.903,456896017.0
2023-11-02,0.903,0.909,0.895,0.897,482508700.0
2023-11-03,0.898,0.909,0.895,0.906,539071100.0
2023-11-06,0.93,0.946,0.923,0.942,1406601818.0
2023-11-07,0.938,0.95,0.935,0.946,823330122.0
2023-11-08,0.944,0.949,0.93,0.938,801208629.0
2023-11-09,0.934,0.938,0.929,0.934,561448700.0
2023-11-10,0.93,0.939,0.929,0.934,617166947.0
2023-11-13,0.934,0.934,0.925,0.929,419817329.0
2023-11-14,0.929,0.954,0.929,0.94,926583797.0
2023-11-15,0.95,0.956,0.94,0.942,756756437.0
2023-11-16,0.94,0.946,0.933,0.933,551762318.0
2023-11-17,0.932,0.938,0.931,0.937,497569300.0
2023-11-20,0.937,0.937,0.924,0.933,709724209.0
2023-11-21,0.935,0.949,0.93,0.933,700794129.0
2023-11-22,0.928,0.933,0.922,0.923,489209720.0
2023-11-23,0.923,0.926,0.917,0.926,505695200.0
2023-11-24,0.924,0.925,0.915,0.919,430350676.0
2023-11-27,0.912,0.913,0.901,0.906,593714614.0
2023-11-28,0.906,0.909,0.9,0.905,527100100.0
2023-11-29,0.905,0.906,0.894,0.897,463592800.0
2023-11-30,0.896,0.903,0.894,0.898,421134000.0
2023-12-01,0.899,0.906,0.896,0.905,503211350.0
2023-12-04,0.905,0.909,0.902,0.904,461310487.0
2023-12-05,0.901,0.904,0.89,0.891,589232400.0
2023-12-06,0.889,0.894,0.886,0.887,446251647.0
2023-12-07,0.886,0.894,0.883,0.892,532376700.0
2023-12-08,0.892,0.895,0.885,0.886,494792500.0
2023-12-11,0.882,0.903,0.873,0.901,705763703.0
2023-12-12,0.897,0.902,0.895,0.897,447263100.0
2023-12-13,0.896,0.897,0.887,0.887,383035546.0
2023-12-14,0.892,0.894,0.883,0.885,360059925.0
2023-12-15,0.886,0.894,0.882,0.884,502643300.0
2023-12-18,0.884,0.891,0.877,0.88,477434500.0
2023-12-19,0.88,0.884,0.872,0.88,505538266.0
2023-12-20,0.879,0.879,0.854,0.855,899546433.0
2023-12-21,0.851,0.859,0.848,0.854,643762106.0
2023-12-22,0.854,0.86,0.848,0.855,596360499.0
2023-12-25,0.85,0.853,0.845,0.847,582370166.0
2023-12-26,0.847,0.848,0.836,0.838,549307958.0
2023-12-27,0.838,0.851,0.83,0.844,695784268.0
2023-12-28,0.841,0.868,0.84,0.863,755409411.0
2023-12-29,0.862,0.868,0.86,0.864,563519583.0
2024-01-02,0.864,0.865,0.853,0.854,559372225.0
2024-01-03,0.853,0.859,0.851,0.855,414234900.0
2024-01-04,0.853,0.855,0.841,0.847,602676239.0
2024-01-05,0.845,0.855,0.836,0.84,474622908.0
2024-01-08,0.837,0.84,0.824,0.825,554833500.0
2024-01-09,0.826,0.831,0.817,0.823,468489842.0
2024-01-10,0.821,0.827,0.814,0.818,464878200.0
2024-01-11,0.817,0.829,0.815,0.826,504897500.0
2024-01-12,0.824,0.83,0.818,0.818,447602566.0
2024-01-15,0.813,0.826,0.811,0.817,454912643.0
2024-01-16,0.815,0.826,0.811,0.826,661669281.0
2024-01-17,0.823,0.824,0.811,0.811,581475591.0
2024-01-18,0.805,0.821,0.793,0.818,994363790.0
2024-01-19,0.812,0.817,0.809,0.812,532336440.0
2024-01-22,0.811,0.816,0.786,0.795,697284845.0
2024-01-23,0.791,0.818,0.786,0.81,786056100.0
2024-01-24,0.814,0.852,0.801,0.848,1236234781.0
2024-01-25,0.838,0.862,0.835,0.854,1214274100.0
2024-01-26,0.847,0.863,0.845,0.854,1046443366.0
2024-01-29,0.853,0.856,0.839,0.839,563696039.0
2024-01-30,0.833,0.844,0.827,0.828,552311366.0
2024-01-31,0.824,0.833,0.815,0.82,732007200.0
2024-02-01,0.814,0.831,0.809,0.817,685710800.0
2024-02-02,0.816,0.819,0.776,0.799,948822504.0
2024-02-05,0.789,0.803,0.767,0.781,821632946.0
2024-02-06,0.775,0.832,0.773,0.826,1020671344.0
2024-02-07,0.825,0.841,0.822,0.838,761028532.0
2024-02-08,0.847,0.858,0.838,0.846,715016423.0
2024-02-19,0.843,0.843,0.824,0.835,656456436.0
2024-02-20,0.831,0.852,0.828,0.846,637272733.0
2024-02-21,0.84,0.874,0.836,0.854,940548130.0
2024-02-22,0.849,0.867,0.847,0.863,615092684.0
2024-02-23,0.863,0.869,0.857,0.865,668778648.0
2024-02-26,0.863,0.866,0.856,0.857,449024852.0
2024-02-27,0.856,0.873,0.855,0.873,608545817.0
2024-02-28,0.877,0.894,0.858,0.859,1133750067.0
2024-02-29,0.855,0.877,0.853,0.876,682438724.0
2024-03-01,0.875,0.886,0.869,0.881,725026704.0
2024-03-04,0.877,0.879,0.866,0.87,502874890.0
2024-03-05,0.866,0.87,0.86,0.864,465073359.0
2024-03-06,0.863,0.875,0.858,0.863,642550608.0
2024-03-07,0.863,0.869,0.851,0.854,592942212.0
2024-03-08,0.854,0.857,0.85,0.856,386456209.0
2024-03-11,0.856,0.868,0.855,0.867,496876545.0
2024-03-12,0.87,0.876,0.865,0.873,602708285.0
2024-03-13,0.872,0.872,0.859,0.861,584708407.0
2024-03-14,0.859,0.865,0.849,0.854,555627855.0
2024-03-15,0.851,0.86,0.848,0.858,484871932.0
2024-03-18,0.862,0.884,0.861,0.878,979210773.0
2024-03-19,0.877,0.877,0.861,0.862,553340376.0
2024-03-20,0.862,0.868,0.858,0.865,447403388.0
2024-03-21,0.867,0.877,0.865,0.869,561802267.0
2024-03-22,0.867,0.868,0.852,0.854,676854729.0
2024-03-25,0.845,0.845,0.826,0.829,728319087.0
2024-03-26,0.828,0.833,0.824,0.831,449396396.0
2024-03-27,0.828,0.829,0.815,0.816,503294000.0
2024-03-28,0.817,0.827,0.814,0.818,495881067.0
2024-03-29,0.816,0.822,0.811,0.822,503065041.0
2024-04-01,0.83,0.834,0.828,0.833,602745875.0
2024-04-02,0.832,0.837,0.825,0.827,391258100.0
2024-04-03,0.827,0.83,0.82,0.822,384487033.0
2024-04-08,0.815,0.817,0.806,0.808,483320400.0
2024-04-09,0.808,0.812,0.806,0.809,343242590.0
2024-04-10,0.809,0.809,0.79,0.794,604173000.0
2024-04-11,0.79,0.799,0.789,0.791,452024400.0
2024-04-12,0.792,0.793,0.775,0.778,593291900.0
2024-04-15,0.773,0.798,0.766,0.791,770777104.0
2024-04-16,0.785,0.791,0.774,0.777,517123461.0
2024-04-17,0.778,0.792,0.773,0.792,586228030.0
2024-04-18,0.79,0.809,0.787,0.798,711509782.0
2024-04-19,0.794,0.8,0.791,0.792,454427431.0
2024-04-22,0.79,0.802,0.79,0.794,434032600.0
2024-04-23,0.795,0.797,0.79,0.792,476993198.0
2024-04-24,0.794,0.796,0.788,0.793,420768198.0
2024-04-25,0.792,0.797,0.787,0.792,366493398.0
2024-04-26,0.812,0.844,0.803,0.843,1678348800.0
2024-04-29,0.842,0.859,0.84,0.853,1092115339.0
2024-04-30,0.847,0.851,0.835,0.837,801241920.0
2024-05-06,0.847,0.854,0.838,0.843,749073900.0
2024-05-07,0.84,0.843,0.835,0.838,639007800.0
2024-05-08,0.836,0.837,0.825,0.826,572003800.0
2024-05-09,0.827,0.838,0.827,0.833,532033800.0
2024-05-10,0.835,0.842,0.831,0.84,577639700.0
2024-05-13,0.836,0.848,0.828,0.841,639651600.0
2024-05-14,0.839,0.847,0.834,0.846,640707300.0
2024-05-15,0.851,0.853,0.824,0.825,798091929.0
2024-05-16,0.825,0.833,0.821,0.823,543843400.0
2024-05-17,0.822,0.836,0.82,0.835,624544897.0
2024-05-20,0.834,0.846,0.832,0.836,692037900.0
2024-05-21,0.833,0.837,0.828,0.83,439748355.0
2024-05-22,0.829,0.836,0.828,0.834,419400100.0
2024-05-23,0.831,0.831,0.816,0.816,786489372.0
2024-05-24,0.815,0.818,0.805,0.806,519757863.0
2024-05-27,0.807,0.813,0.804,0.812,397442600.0
2024-05-28,0.811,0.815,0.804,0.805,534830144.0
2024-05-29,0.804,0.814,0.803,0.806,446773063.0
2024-05-30,0.804,0.809,0.801,0.805,423009700.0
2024-05-31,0.807,0.812,0.803,0.804,409712815.0
2024-06-03,0.801,0.801,0.79,0.794,671400500.0
2024-06-04,0.793,0.801,0.793,0.801,547053300.0
2024-06-05,0.8,0.803,0.796,0.797,402605500.0
2024-06-06,0.798,0.799,0.785,0.787,666896200.0
2024-06-07,0.789,0.791,0.771,0.781,749917500.0
2024-06-11,0.778,0.787,0.776,0.782,449597909.0
2024-06-12,0.781,0.785,0.779,0.782,358809700.0
2024-06-13,0.782,0.785,0.779,0.781,430955400.0
2024-06-14,0.781,0.805,0.778,0.799,1053312300.0
2024-06-17,0.79,0.8,0.787,0.797,567071888.0
2024-06-18,0.797,0.809,0.797,0.804,644033188.0
2024-06-19,0.805,0.806,0.793,0.795,479260488.0
2024-06-20,0.793,0.795,0.785,0.787,496541700.0
2024-06-21,0.787,0.793,0.784,0.789,453681700.0
2024-06-24,0.785,0.788,0.779,0.78,597563900.0
2024-06-25,0.78,0.781,0.763,0.768,744476300.0
2024-06-26,0.766,0.778,0.764,0.777,562414100.0
2024-06-27,0.775,0.775,0.767,0.768,407662000.0
2024-06-28,0.767,0.775,0.749,0.752,809641000.0
2024-07-01,0.75,0.755,0.742,0.753,578484381.0
2024-07-02,0.752,0.758,0.747,0.749,443778000.0
2024-07-03,0.747,0.754,0.745,0.75,396074200.0
2024-07-04,0.751,0.753,0.736,0.736,556466600.0
2024-07-05,0.737,0.744,0.731,0.738,507710000.0
2024-07-08,0.734,0.735,0.716,0.718,649877532.0
2024-07-09,0.719,0.735,0.713,0.732,688125749.0
2024-07-10,0.728,0.744,0.727,0.733,487459500.0
2024-07-11,0.742,0.749,0.737,0.744,520800801.0
2024-07-12,0.743,0.746,0.739,0.743,375688669.0
2024-07-15,0.741,0.745,0.739,0.742,275785100.0
2024-07-16,0.742,0.751,0.74,0.748,455060700.0
2024-07-17,0.748,0.756,0.748,0.753,469007400.0
2024-07-18,0.752,0.758,0.744,0.758,553891259.0
2024-07-19,0.755,0.768,0.754,0.767,611490259.0
2024-07-22,0.776,0.78,0.763,0.773,669785300.0
2024-07-23,0.768,0.774,0.753,0.755,546466000.0
2024-07-24,0.752,0.755,0.744,0.745,452588800.0
2024-07-25,0.746,0.759,0.744,0.754,534636394.0
2024-07-26,0.755,0.774,0.754,0.767,555993428.0
2024-07-29,0.763,0.77,0.761,0.761,322252100.0
2024-07-30,0.759,0.766,0.757,0.764,373024100.0
2024-07-31,0.765,0.817,0.764,0.806,1434331353.0
2024-08-01,0.799,0.807,0.798,0.8,534229200.0
2024-08-02,0.796,0.804,0.782,0.785,512721000.0
2024-08-05,0.78,0.796,0.779,0.78,498928900.0
2024-08-06,0.787,0.79,0.773,0.781,487860900.0
2024-08-07,0.78,0.786,0.775,0.777,370551000.0
2024-08-08,0.777,0.791,0.774,0.781,436002900.0
2024-08-09,0.787,0.788,0.773,0.774,362497800.0
2024-08-12,0.771,0.775,0.768,0.772,287183400.0
2024-08-13,0.771,0.782,0.767,0.781,376468600.0
2024-08-14,0.779,0.783,0.774,0.775,281545288.0
2024-08-15,0.773,0.791,0.773,0.784,495284529.0
2024-08-16,0.783,0.785,0.777,0.779,331784700.0
2024-08-19,0.778,0.785,0.776,0.778,285480800.0
2024-08-20,0.779,0.78,0.769,0.772,377936700.0
2024-08-21,0.771,0.774,0.767,0.768,247322800.0
2024-08-22,0.772,0.774,0.755,0.757,409965500.0
2024-08-23,0.755,0.768,0.755,0.763,320618700.0
2024-08-26,0.763,0.768,0.759,0.763,235108900.0
2024-08-27,0.762,0.763,0.753,0.755,238548500.0
2024-08-28,0.755,0.76,0.753,0.757,219794600.0
2024-08-29,0.755,0.768,0.755,0.761,353969100.0
2024-08-30,0.76,0.787,0.759,0.78,748621445.0
2024-09-02,0.777,0.778,0.76,0.76,480221400.0
2024-09-03,0.76,0.77,0.759,0.766,311082700.0
2024-09-04,0.763,0.772,0.763,0.766,276201800.0
2024-09-05,0.765,0.773,0.764,0.772,337583723.0
2024-09-06,0.795,0.798,0.777,0.778,2507954723.0
2024-09-09,0.77,0.784,0.768,0.777,374086623.0
2024-09-10,0.776,0.778,0.763,0.772,412036200.0
2024-09-11,0.77,0.776,0.768,0.772,273952574.0
2024-09-12,0.772,0.775,0.768,0.77,282957654.0
2024-09-13,0.771,0.78,0.77,0.772,341475000.0
2024-09-18,0.77,0.775,0.764,0.772,275955000.0
2024-09-19,0.775,0.792,0.771,0.783,485041400.0
2024-09-20,0.78,0.783,0.776,0.782,317547100.0
2024-09-23,0.783,0.787,0.778,0.782,244938300.0
2024-09-24,0.792,0.83,0.785,0.83,1620669214.0
2024-09-25,0.848,0.869,0.843,0.845,1860908148.0
2024-09-26,0.839,0.905,0.838,0.904,1755953826.0
2024-09-27,0.93,0.994,0.912,0.994,1864578761.0
2024-09-30,1.092,1.093,1.04,1.093,2802184970.0
2024-10-08,1.202,1.202,1.202,1.202,1009874434.0
2024-10-09,1.19,1.26,1.083,1.134,5271974951.0
2024-10-10,1.173,1.173,1.051,1.068,2898423358.0
2024-10-11,1.045,1.098,1.045,1.069,1997753360.0
2024-10-14,1.077,1.083,1.015,1.076,1962665673.0
2024-10-15,1.054,1.076,1.035,1.037,1051559736.0
2024-10-16,1.02,1.071,1.017,1.044,1343812484.0
2024-10-17,1.049,1.073,1.037,1.038,1046474456.0
2024-10-18,1.037,1.142,1.028,1.114,2305550266.0
2024-10-21,1.095,1.102,1.076,1.088,1473573661.0
2024-10-22,1.083,1.105,1.081,1.095,1031713204.0
2024-10-23,1.099,1.12,1.083,1.089,1208701046.0
2024-10-24,1.081,1.094,1.074,1.087,795781704.0
2024-10-25,1.088,1.113,1.083,1.097,866919000.0
2024-10-28,1.095,1.103,1.09,1.098,674007600.0
2024-10-29,1.105,1.116,1.083,1.085,839894650.0
2024-10-30,1.081,1.095,1.071,1.083,763465319.0
2024-10-31,1.079,1.142,1.075,1.114,1696380568.0
2024-11-01,1.11,1.135,1.099,1.102,1094477666.0
2024-11-04,1.108,1.144,1.105,1.142,1111952264.0
2024-11-05,1.145,1.219,1.129,1.207,1931622039.0
2024-11-06,1.22,1.265,1.191,1.202,1881532907.0
2024-11-07,1.18,1.32,1.176,1.318,2417124391.0
2024-11-08,1.333,1.342,1.257,1.264,2260031940.0
2024-11-11,1.238,1.271,1.231,1.263,1628850498.0
2024-11-12,1.264,1.272,1.217,1.233,1516668501.0
2024-11-13,1.222,1.242,1.206,1.23,1225133100.0
2024-11-14,1.225,1.243,1.207,1.208,1106635600.0
2024-11-15,1.207,1.219,1.159,1.16,1244433274.0
2024-11-18,1.16,1.176,1.135,1.146,1135741600.0
2024-11-19,1.149,1.172,1.137,1.167,1190778964.0
2024-11-20,1.161,1.18,1.153,1.169,938100100.0
2024-11-21,1.167,1.192,1.163,1.182,965477269.0
2024-11-22,1.179,1.182,1.124,1.125,1063914008.0
2024-11-25,1.125,1.13,1.097,1.115,850527589.0
2024-11-26,1.112,1.137,1.112,1.114,658441700.0
2024-11-27,1.112,1.145,1.109,1.143,926167500.0
2024-11-28,1.143,1.147,1.129,1.131,660534000.0
2024-11-29,1.13,1.198,1.126,1.162,1431349734.0
2024-12-02,1.153,1.182,1.151,1.174,927967300.0
2024-12-03,1.171,1.185,1.159,1.175,810430200.0
2024-12-04,1.171,1.181,1.155,1.16,707143990.0
2024-12-05,1.158,1.182,1.156,1.174,766114200.0
2024-12-06,1.172,1.204,1.165,1.191,1145620628.0
2024-12-09,1.185,1.193,1.164,1.176,744457407.0
2024-12-10,1.25,1.25,1.185,1.188,1640426652.0
2024-12-11,1.184,1.197,1.177,1.184,673764900.0
2024-12-12,1.186,1.214,1.18,1.202,1056514057.0
2024-12-13,1.19,1.19,1.163,1.165,1077544663.0
2024-12-16,1.163,1.164,1.143,1.148,646538300.0
2024-12-17,1.146,1.16,1.143,1.15,635152300.0
2024-12-18,1.152,1.155,1.144,1.147,505707891.0
2024-12-19,1.135,1.148,1.132,1.146,641520200.0
2024-12-20,1.143,1.158,1.142,1.15,636752250.0
2024-12-23,1.146,1.159,1.134,1.136,719558050.0
2024-12-24,1.137,1.157,1.136,1.155,769409963.0
2024-12-25,1.156,1.157,1.138,1.149,698542863.0
2024-12-26,1.147,1.154,1.146,1.151,689407313.0
2024-12-27,1.151,1.179,1.15,1.159,1196603894.0
2024-12-30,1.157,1.17,1.154,1.169,710280814.0
2024-12-31,1.17,1.171,1.118,1.12,1234500581.0
2025-01-02,1.112,1.115,1.046,1.058,1448473686.0
2025-01-03,1.058,1.061,1.027,1.029,993022298.0
2025-01-06,1.021,1.034,1.019,1.028,719475500.0
2025-01-07,1.03,1.042,1.024,1.04,655913928.0
2025-01-08,1.036,1.04,1.008,1.029,834828400.0
2025-01-09,1.025,1.036,1.022,1.026,477984695.0
2025-01-10,1.024,1.032,1.006,1.007,710860500.0
2025-01-13,0.995,1.015,0.994,1.01,567274109.0
2025-01-14,1.015,1.055,1.014,1.054,1243009281.0
2025-01-15,1.048,1.05,1.041,1.043,607922800.0
2025-01-16,1.049,1.061,1.033,1.043,736895981.0
2025-01-17,1.038,1.052,1.035,1.045,563763954.0
2025-01-20,1.057,1.064,1.047,1.051,644018052.0
2025-01-21,1.06,1.06,1.042,1.053,577761300.0
2025-01-22,1.05,1.054,1.042,1.049,889646500.0
2025-01-23,1.069,1.09,1.052,1.054,1022482129.0
2025-01-24,1.05,1.072,1.049,1.065,684917800.0
2025-01-27,1.068,1.069,1.037,1.038,737659800.0
2025-02-05,1.045,1.046,1.034,1.037,470093500.0
2025-02-06,1.036,1.057,1.034,1.055,701403899.0
2025-02-07,1.055,1.094,1.051,1.077,1561900185.0
2025-02-10,1.077,1.085,1.072,1.08,823329563.0
2025-02-11,1.079,1.079,1.062,1.07,680900300.0
2025-02-12,1.068,1.09,1.067,1.088,996422211.0
2025-02-13,1.085,1.1,1.077,1.081,1442690184.0
2025-02-14,1.078,1.089,1.075,1.083,799165200.0
2025-02-17,1.094,1.098,1.08,1.087,1061398500.0
2025-02-18,1.083,1.086,1.056,1.059,987116900.0
2025-02-19,1.056,1.076,1.056,1.072,838147893.0
2025-02-20,1.069,1.075,1.063,1.07,578364842.0
2025-02-21,1.072,1.095,1.062,1.092,1489532623.0
2025-02-24,1.09,1.096,1.078,1.085,1365482200.0
2025-02-25,1.072,1.08,1.066,1.069,769412200.0
2025-02-26,1.07,1.099,1.067,1.098,1449016056.0
2025-02-27,1.09,1.101,1.073,1.093,1563462295.0
2025-02-28,1.086,1.102,1.057,1.06,1253804314.0
2025-03-03,1.061,1.069,1.051,1.057,1021461200.0
2025-03-04,1.051,1.065,1.05,1.062,1101754955.0
2025-03-05,1.061,1.068,1.053,1.063,712254661.0
2025-03-06,1.069,1.092,1.068,1.087,1356339629.0
2025-03-07,1.082,1.083,1.068,1.071,885079064.0
2025-03-10,1.069,1.07,1.058,1.062,622102429.0
2025-03-11,1.053,1.065,1.05,1.065,531973601.0
2025-03-12,1.068,1.088,1.064,1.072,1009009800.0
2025-03-13,1.07,1.08,1.059,1.065,750066155.0
2025-03-14,1.068,1.114,1.066,1.101,1928101900.0
2025-03-17,1.103,1.105,1.087,1.089,868405900.0
2025-03-18,1.094,1.096,1.086,1.09,732906530.0
2025-03-19,1.09,1.096,1.086,1.089,628521900.0
2025-03-20,1.088,1.089,1.078,1.08,655536400.0
2025-03-21,1.077,1.083,1.059,1.062,953030718.0
2025-03-24,1.061,1.064,1.052,1.061,563882400.0
2025-03-25,1.062,1.064,1.055,1.057,460948631.0
2025-03-26,1.057,1.062,1.056,1.056,391657651.0
2025-03-27,1.056,1.067,1.049,1.059,552731924.0
2025-03-28,1.059,1.063,1.055,1.059,502749819.0
2025-03-31,1.056,1.059,1.033,1.038,846941900.0
2025-04-01,1.04,1.046,1.033,1.036,686748900.0
2025-04-02,1.035,1.045,1.034,1.04,397676875.0
2025-04-03,1.033,1.046,1.032,1.039,498634975.0
2025-04-07,1.0,1.007,0.935,0.935,1526568368.0
2025-04-08,0.941,0.954,0.937,0.949,1165876086.0
2025-04-09,0.939,0.977,0.929,0.968,1244381656.0
2025-04-10,0.983,0.994,0.971,0.982,876030170.0
2025-04-11,0.977,0.994,0.977,0.985,591183873.0
2025-04-14,0.989,0.991,0.983,0.987,516085471.0
2025-04-15,0.985,0.985,0.977,0.981,371813066.0
2025-04-16,0.979,0.981,0.966,0.979,538137300.0
2025-04-17,0.974,0.984,0.974,0.979,433741700.0
2025-04-18,0.979,0.989,0.976,0.986,528097896.0
2025-04-21,0.982,0.993,0.98,0.992,457402443.0
2025-04-22,0.99,0.996,0.989,0.991,366274300.0
2025-04-23,0.995,0.997,0.988,0.992,417629700.0
2025-04-24,0.991,0.995,0.983,0.987,393180601.0
2025-04-25,0.989,0.999,0.988,0.994,656032100.0
2025-04-28,0.993,0.993,0.982,0.986,421443600.0
2025-04-29,0.986,0.992,0.984,0.985,305112679.0
2025-04-30,0.987,0.995,0.986,0.988,357380200.0
2025-05-06,0.993,1.003,0.99,1.002,579686948.0
2025-05-07,1.03,1.036,1.004,1.008,1097755682.0
2025-05-08,1.002,1.015,1.002,1.011,479444235.0
2025-05-09,1.01,1.01,0.997,1.0,363730822.0
2025-05-12,1.005,1.026,1.002,1.023,774586596.0
2025-05-13,1.03,1.03,1.014,1.015,541820146.0
2025-05-14,1.015,1.07,1.012,1.051,1595796014.0
2025-05-15,1.041,1.048,1.031,1.032,572554896.0
2025-05-16,1.029,1.032,1.017,1.02,643160310.0
2025-05-19,1.019,1.024,1.014,1.021,311096500.0
2025-05-20,1.022,1.025,1.017,1.021,363380600.0
2025-05-21,1.02,1.023,1.017,1.018,300436000.0
2025-05-22,1.016,1.017,1.009,1.01,436547985.0
2025-05-23,1.01,1.016,0.997,0.998,539860400.0
2025-05-26,0.995,1.001,0.992,0.996,347345900.0
2025-05-27,0.997,0.998,0.991,0.995,270963653.0
2025-05-28,0.995,0.997,0.989,0.991,264898900.0
2025-05-29,0.992,1.004,0.991,1.003,425791600.0
2025-05-30,0.999,0.999,0.991,0.997,392325482.0
2025-06-03,0.993,1.011,0.991,1.005,433181088.0
2025-06-04,1.006,1.023,1.004,1.018,640219647.0
2025-06-05,1.02,1.033,1.017,1.028,685563700.0
2025-06-06,1.028,1.032,1.019,1.021,312859640.0
2025-06-09,1.027,1.041,1.026,1.035,559022821.0
2025-06-10,1.035,1.037,1.015,1.022,572795719.0
2025-06-11,1.023,1.053,1.023,1.041,842619366.0
2025-06-12,1.036,1.051,1.034,1.04,536525897.0
2025-06-13,1.035,1.039,1.026,1.029,599588900.0
2025-06-16,1.027,1.045,1.026,1.044,865226300.0
2025-06-17,1.044,1.048,1.04,1.047,404971468.0
2025-06-18,1.045,1.046,1.029,1.035,564244022.0
2025-06-19,1.032,1.033,1.013,1.015,876156800.0
2025-06-20,1.016,1.02,1.012,1.013,311922939.0
2025-06-23,1.006,1.028,1.006,1.025,517028539.0
2025-06-24,1.026,1.059,1.026,1.05,1083536211.0
2025-06-25,1.056,1.115,1.054,1.108,2283515616.0
2025-06-26,1.109,1.11,1.086,1.088,1654598152.0
2025-06-27,1.089,1.124,1.086,1.088,1454248156.0
2025-06-30,1.088,1.091,1.075,1.086,775349200.0
2025-07-01,1.086,1.087,1.072,1.08,518195100.0
2025-07-02,1.08,1.083,1.071,1.074,447555800.0
2025-07-03,1.076,1.085,1.075,1.082,566513744.0
2025-07-04,1.081,1.1,1.072,1.082,888226263.0
2025-07-07,1.078,1.087,1.076,1.083,393295945.0
2025-07-08,1.082,1.098,1.081,1.095,730019509.0
2025-07-09,1.096,1.105,1.088,1.09,723467301.0
2025-07-10,1.089,1.11,1.087,1.104,739067118.0
2025-07-11,1.108,1.152,1.105,1.13,1723187956.0
2025-07-14,1.134,1.135,1.117,1.119,741037222.0
2025-07-15,1.119,1.127,1.106,1.113,791880769.0
2025-07-16,1.111,1.118,1.102,1.108,661866203.0
2025-07-17,1.108,1.117,1.105,1.115,694409789.0
2025-07-18,1.115,1.122,1.112,1.119,674531312.0
2025-07-21,1.118,1.137,1.114,1.134,875980890.0
2025-07-22,1.134,1.14,1.12,1.136,958871428.0
2025-07-23,1.139,1.168,1.139,1.146,1533050028.0
2025-07-24,1.144,1.18,1.141,1.179,1376787350.0
2025-07-25,1.181,1.185,1.17,1.175,981612068.0
2025-07-28,1.175,1.199,1.167,1.185,987991995.0
2025-07-29,1.179,1.188,1.159,1.188,1053795233.0
2025-07-30,1.183,1.188,1.161,1.171,943658103.0
2025-07-31,1.164,1.177,1.139,1.146,1268479072.0
2025-08-01,1.143,1.153,1.134,1.138,838537586.0
2025-08-04,0.565,0.572,0.565,0.572,850449984.0
2025-08-05,0.572,0.578,0.571,0.576,1157284767.0
2025-08-06,0.575,0.579,0.573,0.578,1238080235.0
2025-08-07,0.578,0.584,0.575,0.578,1236059716.0
2025-08-08,0.577,0.578,0.572,0.573,1026787684.0
2025-08-11,0.574,0.584,0.572,0.581,1704027121.0
2025-08-12,0.581,0.585,0.578,0.584,1497354699.0
2025-08-13,0.587,0.6,0.581,0.594,3120200856.0
2025-08-14,0.595,0.607,0.592,0.593,2729359778.0
2025-08-15,0.59,0.628,0.59,0.622,4480320162.0
2025-08-18,0.627,0.64,0.614,0.629,5133305903.0
2025-08-19,0.625,0.63,0.616,0.617,2385642039.0
2025-08-20,0.614,0.624,0.608,0.623,2391933600.0
2025-08-21,0.628,0.63,0.614,0.618,2763999600.0
2025-08-22,0.615,0.64,0.615,0.639,3658374016.0
2025-08-25,0.646,0.655,0.636,0.646,5012341268.0
2025-08-26,0.642,0.646,0.636,0.638,2382160945.0
2025-08-27,0.637,0.645,0.621,0.622,4549923479.0
2025-08-28,0.62,0.634,0.615,0.633,2837508432.0
2025-08-29,0.635,0.643,0.631,0.634,3236691333.0
2025-09-01,0.636,0.637,0.625,0.628,2548459700.0
2025-09-02,0.628,0.629,0.615,0.62,2905806645.0
2025-09-03,0.622,0.625,0.593,0.598,3458186185.0
2025-09-04,0.598,0.603,0.588,0.597,2916594758.0
2025-09-05,0.598,0.602,0.591,0.601,2490976086.0
2025-09-08,0.6,0.601,0.594,0.596,1872785274.0
2025-09-09,0.596,0.603,0.594,0.596,2456395112.0
2025-09-10,0.597,0.601,0.593,0.595,1744888011.0
2025-09-11,0.593,0.615,0.591,0.614,4060683469.0
2025-09-12,0.613,0.616,0.603,0.606,2483381604.0
2025-09-15,0.604,0.61,0.601,0.603,2082828399.0
2025-09-16,0.603,0.61,0.598,0.604,2884975465.0
2025-09-17,0.604,0.612,0.602,0.606,2813892478.0
2025-09-18,0.605,0.605,0.583,0.588,4765991230.0
2025-09-19,0.587,0.589,0.582,0.584,2361738477.0
2025-09-22,0.585,0.59,0.582,0.589,1746810494.0
2025-09-23,0.587,0.587,0.573,0.58,2676169917.0
2025-09-24,0.577,0.589,0.576,0.585,2366651451.0
2025-09-25,0.584,0.59,0.583,0.585,1922554622.0
2025-09-26,0.584,0.589,0.582,0.583,1692174418.0
2025-09-29,0.582,0.625,0.581,0.611,6215946336.0
2025-09-30,0.608,0.612,0.601,0.604,3004974469.0
2025-10-09,0.601,0.61,0.594,0.606,3211488916.0
2025-10-10,0.603,0.619,0.601,0.607,2924337992.0
2025-10-13,0.595,0.602,0.592,0.6,2924515500.0
2025-10-14,0.6,0.611,0.594,0.596,3303353185.0
2025-10-15,0.598,0.604,0.592,0.603,3171824530.0
2025-10-16,0.601,0.607,0.598,0.601,2341207895.0
2025-10-17,0.602,0.607,0.589,0.59,3015294662.0
2025-10-20,0.595,0.597,0.588,0.59,2272791727.0
2025-10-21,0.591,0.604,0.591,0.595,2684538905.0
2025-10-22,0.593,0.593,0.588,0.59,1745391623.0
2025-10-23,0.59,0.596,0.584,0.595,2307938458.0
2025-10-24,0.596,0.601,0.594,0.6,2413847518.0
2025-10-27,0.607,0.612,0.603,0.608,3977418017.0
2025-10-28,0.606,0.61,0.603,0.605,2224255432.0
2025-10-29,0.604,0.62,0.603,0.617,4711168144.0
2025-10-30,0.614,0.616,0.605,0.606,3124378246.0
2025-10-31,0.607,0.61,0.599,0.6,2367793773.0
2025-11-03,0.598,0.599,0.589,0.597,2289216421.0
2025-11-04,0.595,0.598,0.591,0.593,2039544146.0
2025-11-05,0.59,0.595,0.59,0.593,1219564551.0
2025-11-06,0.594,0.604,0.593,0.6,2479094955.0
2025-11-07,0.598,0.599,0.593,0.595,1688004645.0
2025-11-10,0.594,0.605,0.593,0.602,2068839344.0
2025-11-11,0.602,0.604,0.594,0.595,1499570231.0
2025-11-12,0.595,0.596,0.588,0.591,2091770761.0
2025-11-13,0.59,0.597,0.589,0.596,2044200376.0
2025-11-14,0.593,0.595,0.589,0.589,1433885084.0
2025-11-17,0.588,0.588,0.581,0.582,1964956288.0
2025-11-18,0.582,0.588,0.581,0.583,1389702158.0
2025-11-19,0.583,0.588,0.58,0.583,1247647555.0
2025-11-20,0.593,0.595,0.58,0.581,2364455326.0
2025-11-21,0.576,0.58,0.56,0.561,3018659719.0
2025-11-24,0.563,0.566,0.559,0.562,1839901197.0
2025-11-25,0.564,0.567,0.562,0.564,1377805954.0
2025-11-26,0.564,0.565,0.561,0.562,1550655835.0
2025-11-27,0.561,0.566,0.56,0.562,1632155392.0
2025-11-28,0.561,0.565,0.558,0.564,1661766892.0
2025-12-01,0.562,0.567,0.562,0.566,1692258077.0
2025-12-02,0.565,0.566,0.56,0.56,1287275429.0
2025-12-03,0.562,0.563,0.554,0.555,1561037761.0
2025-12-04,0.555,0.56,0.553,0.557,1268732183.0
2025-12-05,0.556,0.576,0.556,0.571,3175235308.0
2025-12-08,0.579,0.591,0.579,0.583,4409648310.0
2025-12-09,0.578,0.581,0.573,0.574,2281020574.0
2025-12-10,0.573,0.578,0.569,0.576,1735091086.0
2025-12-11,0.576,0.577,0.568,0.569,1237861774.0
2025-12-12,0.569,0.576,0.566,0.571,1693980708.0
2025-12-15,0.569,0.582,0.568,0.574,1958820057.0
2025-12-16,0.573,0.577,0.57,0.571,1411353886.0
2025-12-17,0.571,0.588,0.568,0.582,2789436504.0
2025-12-18,0.58,0.583,0.576,0.576,1466323651.0
2025-12-19,0.576,0.583,0.574,0.578,1533722100.0
2025-12-22,0.578,0.581,0.577,0.578,1143978715.0
2025-12-23,0.578,0.582,0.576,0.577,1307072896.0
2025-12-24,0.576,0.583,0.575,0.581,1425495025.0
2025-12-25,0.581,0.585,0.58,0.583,1725873406.0
2025-12-26,0.583,0.594,0.582,0.588,3108354359.0
2025-12-29,0.587,0.588,0.582,0.583,1808237005.0
2025-12-30,0.581,0.587,0.58,0.582,1241281255.0
2025-12-31,0.583,0.587,0.579,0.579,1358214307.0
2026-01-05,0.581,0.59,0.58,0.59,2351151991.0
2026-01-06,0.59,0.616,0.588,0.614,5593851799.0
2026-01-07,0.615,0.615,0.601,0.605,2496506282.0
2026-01-08,0.601,0.601,0.587,0.59,3754131874.0
2026-01-09,0.589,0.595,0.587,0.591,2614217790.0
2026-01-12,0.591,0.6,0.587,0.599,4168738316.0
2026-01-13,0.601,0.608,0.593,0.595,2759731951.0
2026-01-14,0.594,0.61,0.587,0.591,5625608749.0
2026-01-15,0.588,0.592,0.58,0.581,3201934998.0
2026-01-16,0.585,0.587,0.575,0.577,2634644433.0
2026-01-19,0.575,0.577,0.572,0.575,2153382953.0
2026-01-20,0.576,0.579,0.574,0.577,1632188398.0
2026-01-21,0.576,0.578,0.572,0.573,1943015188.0
2026-01-22,0.574,0.579,0.573,0.575,1223717094.0
2026-01-23,0.575,0.577,0.572,0.574,2011398162.0
2026-01-26,0.573,0.586,0.573,0.579,2578053061.0
2026-01-27,0.578,0.578,0.567,0.573,2457187585.0
2026-01-28,0.573,0.577,0.571,0.573,1704867399.0
2026-01-29,0.571,0.58,0.565,0.579,3196304665.0
2026-01-30,0.576,0.579,0.568,0.57,2021420406.0
2026-02-02,0.568,0.577,0.561,0.563,2369214076.0
2026-02-03,0.565,0.567,0.555,0.561,2462446583.0
2026-02-04,0.559,0.57,0.558,0.569,2158149719.0
2026-02-05,0.568,0.574,0.564,0.57,1696439518.0
2026-02-06,0.567,0.571,0.565,0.567,1139152507.0
2026-02-09,0.57,0.573,0.568,0.572,1075176823.0
2026-02-10,0.572,0.574,0.57,0.571,943452120.0
2026-02-11,0.571,0.572,0.569,0.571,851016804.0
2026-02-12,0.57,0.571,0.566,0.567,1054310701.0
2026-02-13,0.567,0.569,0.561,0.562,1333604202.0
2026-02-24,0.564,0.564,0.559,0.56,1123562800.0
2026-02-25,0.561,0.568,0.56,0.563,1870082700.0
2026-02-26,0.563,0.563,0.556,0.558,1694275280.0
2026-02-27,0.556,0.561,0.555,0.558,1444045459.0
2026-03-02,0.554,0.555,0.547,0.551,1929720157.0
2026-03-03,0.551,0.557,0.545,0.546,2268905420.0
2026-03-04,0.543,0.543,0.532,0.533,2306577016.0
2026-03-05,0.538,0.539,0.532,0.534,1135049842.0
2026-03-06,0.532,0.543,0.531,0.54,1552785208.0
2026-03-09,0.534,0.534,0.528,0.531,1709955573.0
2026-03-10,0.534,0.538,0.533,0.535,1307497400.0
2026-03-11,0.535,0.538,0.533,0.536,1121987600.0
2026-03-12,0.535,0.538,0.533,0.536,1110121252.0
2026-03-13,0.534,0.538,0.53,0.531,1644675547.0
2026-03-16,0.531,0.532,0.526,0.529,1504167013.0
2026-03-17,0.53,0.545,0.529,0.534,2718628068.0
2026-03-18,0.534,0.534,0.529,0.533,1596369941.0
2026-03-19,0.529,0.531,0.524,0.525,2230498940.0
2026-03-20,0.526,0.527,0.516,0.517,2437105482.0
2026-03-23,0.51,0.511,0.492,0.495,3321407556.0
2026-03-24,0.499,0.504,0.494,0.5,1902833877.0
2026-03-25,0.502,0.51,0.5,0.506,1901095283.0
2026-03-26,0.505,0.506,0.493,0.495,1800105399.0
2026-03-27,0.492,0.5,0.491,0.499,1248417227.0
2026-03-30,0.493,0.497,0.49,0.496,1578241700.0
2026-03-31,0.495,0.502,0.491,0.492,1385619458.0
2026-04-01,0.497,0.5,0.495,0.499,1261626067.0
2026-04-02,0.497,0.498,0.488,0.49,1703061473.0
2026-04-03,0.492,0.493,0.485,0.485,1325842500.0
2026-04-07,0.486,0.488,0.482,0.484,908488298.0
2026-04-08,0.493,0.505,0.493,0.504,2613153897.0
2026-04-09,0.5,0.5,0.492,0.493,1411366184.0
2026-04-10,0.499,0.522,0.499,0.51,4071555125.0
2026-04-13,0.506,0.518,0.505,0.514,1689819297.0
2026-04-14,0.518,0.519,0.51,0.517,1772925500.0
2026-04-15,0.519,0.519,0.512,0.514,1346112664.0
2026-04-16,0.515,0.52,0.514,0.516,1725437976.0
2026-04-17,0.515,0.517,0.511,0.514,1632770509.0
2026-04-20,0.516,0.517,0.512,0.514,1338031413.0
2026-04-21,0.513,0.513,0.508,0.509,1249779055.0
2026-04-22,0.508,0.519,0.507,0.514,1886016933.0
2026-04-23,0.513,0.515,0.508,0.509,2063765482.0
2026-04-24,0.508,0.508,0.502,0.504,1433417942.0
2026-04-27,0.505,0.512,0.504,0.506,1425659252.0
2026-04-28,0.506,0.517,0.505,0.512,2432873652.0
2026-04-29,0.51,0.515,0.509,0.514,1793306934.0
2026-04-30,0.513,0.524,0.513,0.516,2148192534.0
2026-05-06,0.517,0.526,0.516,0.523,2523128221.0
2026-05-07,0.525,0.526,0.517,0.521,2107128184.0
2026-05-08,0.518,0.521,0.515,0.517,1357463351.0
2026-05-11,0.515,0.528,0.513,0.525,3855547141.0
2026-05-12,0.524,0.531,0.521,0.527,3453782486.0
2026-05-13,0.524,0.527,0.518,0.523,1987754200.0
2026-05-14,0.524,0.526,0.512,0.512,2104031443.0
2026-05-15,0.512,0.513,0.499,0.501,2523999907.0
2026-05-18,0.5,0.505,0.497,0.5,1742903466.0
2026-05-19,0.501,0.506,0.496,0.505,2117795200.0
2026-05-20,0.502,0.506,0.5,0.501,1728282391.0
2026-05-21,0.505,0.522,0.502,0.503,4295520634.0
2026-05-22,0.504,0.506,0.494,0.496,2432604243.0
2026-05-25,0.498,0.503,0.494,0.499,1992528243.0
2026-05-26,0.498,0.51,0.496,0.504,2543749730.0
2026-05-27,0.502,0.51,0.495,0.499,2298060853.0
2026-05-28,0.498,0.499,0.485,0.488,2847124400.0
2026-05-29,0.488,0.501,0.488,0.493,2608350181.0
2026-06-01,0.493,0.498,0.49,0.494,1544187050.0
2026-06-02,0.493,0.498,0.49,0.495,2291526955.0
2026-06-03,0.494,0.5,0.49,0.495,2597470604.0
2026-06-04,0.492,0.497,0.485,0.488,2262551668.0
