pool,pool_name,code,name,secucode,type
hs300,沪深300,000001,平安银行,000001.SZ,1
hs300,沪深300,000002,万科A,000002.SZ,1
hs300,沪深300,000063,中兴通讯,000063.SZ,1
hs300,沪深300,000100,TCL科技,000100.SZ,1
hs300,沪深300,000157,中联重科,000157.SZ,1
hs300,沪深300,000166,申万宏源,000166.SZ,1
hs300,沪深300,000301,东方盛虹,000301.SZ,1
hs300,沪深300,000333,美的集团,000333.SZ,1
hs300,沪深300,000338,潍柴动力,000338.SZ,1
hs300,沪深300,000408,藏格矿业,000408.SZ,1
hs300,沪深300,000425,徐工机械,000425.SZ,1
hs300,沪深300,000538,云南白药,000538.SZ,1
hs300,沪深300,000568,泸州老窖,000568.SZ,1
hs300,沪深300,000596,古井贡酒,000596.SZ,1
hs300,沪深300,000617,中油资本,000617.SZ,1
hs300,沪深300,000625,长安汽车,000625.SZ,1
hs300,沪深300,000630,铜陵有色,000630.SZ,1
hs300,沪深300,000651,格力电器,000651.SZ,1
hs300,沪深300,000657,中钨高新,000657.SZ,1
hs300,沪深300,000708,中信特钢,000708.SZ,1
hs300,沪深300,000725,京东方A,000725.SZ,1
hs300,沪深300,000768,中航西飞,000768.SZ,1
hs300,沪深300,000776,广发证券,000776.SZ,1
hs300,沪深300,000792,盐湖股份,000792.SZ,1
hs300,沪深300,000807,云铝股份,000807.SZ,1
hs300,沪深300,000858,五粮液,000858.SZ,1
hs300,沪深300,000895,双汇发展,000895.SZ,1
hs300,沪深300,000938,紫光股份,000938.SZ,1
hs300,沪深300,000963,华东医药,000963.SZ,1
hs300,沪深300,000975,山金国际,000975.SZ,1
hs300,沪深300,000977,浪潮信息,000977.SZ,1
hs300,沪深300,000988,华工科技,000988.SZ,1
hs300,沪深300,000999,华润三九,000999.SZ,1
hs300,沪深300,001280,中国铀业,001280.SZ,1
hs300,沪深300,001391,国货航,001391.SZ,1
hs300,沪深300,001965,招商公路,001965.SZ,1
hs300,沪深300,001979,招商蛇口,001979.SZ,1
hs300,沪深300,002001,新和成,002001.SZ,1
hs300,沪深300,002027,分众传媒,002027.SZ,1
hs300,沪深300,002028,思源电气,002028.SZ,1
hs300,沪深300,002049,紫光国微,002049.SZ,1
hs300,沪深300,002050,三花智控,002050.SZ,1
hs300,沪深300,002074,国轩高科,002074.SZ,1
hs300,沪深300,002142,宁波银行,002142.SZ,1
hs300,沪深300,002179,中航光电,002179.SZ,1
hs300,沪深300,002202,金风科技,002202.SZ,1
hs300,沪深300,002230,科大讯飞,002230.SZ,1
hs300,沪深300,002236,大华股份,002236.SZ,1
hs300,沪深300,002241,歌尔股份,002241.SZ,1
hs300,沪深300,002304,洋河股份,002304.SZ,1
hs300,沪深300,002311,海大集团,002311.SZ,1
hs300,沪深300,002352,顺丰控股,002352.SZ,1
hs300,沪深300,002353,杰瑞股份,002353.SZ,1
hs300,沪深300,002371,北方华创,002371.SZ,1
hs300,沪深300,002384,东山精密,002384.SZ,1
hs300,沪深300,002415,海康威视,002415.SZ,1
hs300,沪深300,002422,科伦药业,002422.SZ,1
hs300,沪深300,002460,赣锋锂业,002460.SZ,1
hs300,沪深300,002463,沪电股份,002463.SZ,1
hs300,沪深300,002466,天齐锂业,002466.SZ,1
hs300,沪深300,002475,立讯精密,002475.SZ,1
hs300,沪深300,002493,荣盛石化,002493.SZ,1
hs300,沪深300,002532,天山铝业,002532.SZ,1
hs300,沪深300,002558,巨人网络,002558.SZ,1
hs300,沪深300,002594,比亚迪,002594.SZ,1
hs300,沪深300,002600,领益智造,002600.SZ,1
hs300,沪深300,002602,世纪华通,002602.SZ,1
hs300,沪深300,002625,光启技术,002625.SZ,1
hs300,沪深300,002648,卫星化学,002648.SZ,1
hs300,沪深300,002709,天赐材料,002709.SZ,1
hs300,沪深300,002714,牧原股份,002714.SZ,1
hs300,沪深300,002736,国信证券,002736.SZ,1
hs300,沪深300,002837,英维克,002837.SZ,1
hs300,沪深300,002916,深南电路,002916.SZ,1
hs300,沪深300,002920,德赛西威,002920.SZ,1
hs300,沪深300,002938,鹏鼎控股,002938.SZ,1
hs300,沪深300,003816,中国广核,003816.SZ,1
hs300,沪深300,300014,亿纬锂能,300014.SZ,1
hs300,沪深300,300015,爱尔眼科,300015.SZ,1
hs300,沪深300,300033,同花顺,300033.SZ,1
hs300,沪深300,300059,东方财富,300059.SZ,1
hs300,沪深300,300122,智飞生物,300122.SZ,1
hs300,沪深300,300124,汇川技术,300124.SZ,1
hs300,沪深300,300251,光线传媒,300251.SZ,1
hs300,沪深300,300274,阳光电源,300274.SZ,1
hs300,沪深300,300308,中际旭创,300308.SZ,1
hs300,沪深300,300316,晶盛机电,300316.SZ,1
hs300,沪深300,300394,天孚通信,300394.SZ,1
hs300,沪深300,300408,三环集团,300408.SZ,1
hs300,沪深300,300413,芒果超媒,300413.SZ,1
hs300,沪深300,300418,昆仑万维,300418.SZ,1
hs300,沪深300,300433,蓝思科技,300433.SZ,1
hs300,沪深300,300442,润泽科技,300442.SZ,1
hs300,沪深300,300450,先导智能,300450.SZ,1
hs300,沪深300,300476,胜宏科技,300476.SZ,1
hs300,沪深300,300498,温氏股份,300498.SZ,1
hs300,沪深300,300502,新易盛,300502.SZ,1
hs300,沪深300,300628,亿联网络,300628.SZ,1
hs300,沪深300,300661,圣邦股份,300661.SZ,1
hs300,沪深300,300750,宁德时代,300750.SZ,1
hs300,沪深300,300760,迈瑞医疗,300760.SZ,1
hs300,沪深300,300803,指南针,300803.SZ,1
hs300,沪深300,300832,新产业,300832.SZ,1
hs300,沪深300,300866,安克创新,300866.SZ,1
hs300,沪深300,300896,爱美客,300896.SZ,1
hs300,沪深300,300999,金龙鱼,300999.SZ,1
hs300,沪深300,301165,锐捷网络,301165.SZ,1
hs300,沪深300,301236,软通动力,301236.SZ,1
hs300,沪深300,301269,华大九天,301269.SZ,1
hs300,沪深300,301308,江波龙,301308.SZ,1
hs300,沪深300,302132,中航成飞,302132.SZ,1
hs300,沪深300,600000,浦发银行,600000.SH,1
hs300,沪深300,600009,上海机场,600009.SH,1
hs300,沪深300,600010,包钢股份,600010.SH,1
hs300,沪深300,600011,华能国际,600011.SH,1
hs300,沪深300,600015,华夏银行,600015.SH,1
hs300,沪深300,600016,民生银行,600016.SH,1
hs300,沪深300,600018,上港集团,600018.SH,1
hs300,沪深300,600019,宝钢股份,600019.SH,1
hs300,沪深300,600023,浙能电力,600023.SH,1
hs300,沪深300,600025,华能水电,600025.SH,1
hs300,沪深300,600026,中远海能,600026.SH,1
hs300,沪深300,600027,华电国际,600027.SH,1
hs300,沪深300,600028,中国石化,600028.SH,1
hs300,沪深300,600029,南方航空,600029.SH,1
hs300,沪深300,600030,中信证券,600030.SH,1
hs300,沪深300,600031,三一重工,600031.SH,1
hs300,沪深300,600036,招商银行,600036.SH,1
hs300,沪深300,600039,四川路桥,600039.SH,1
hs300,沪深300,600048,保利发展,600048.SH,1
hs300,沪深300,600050,中国联通,600050.SH,1
hs300,沪深300,600061,国投资本,600061.SH,1
hs300,沪深300,600066,宇通客车,600066.SH,1
hs300,沪深300,600085,同仁堂,600085.SH,1
hs300,沪深300,600089,特变电工,600089.SH,1
hs300,沪深300,600104,上汽集团,600104.SH,1
hs300,沪深300,600111,北方稀土,600111.SH,1
hs300,沪深300,600115,中国东航,600115.SH,1
hs300,沪深300,600118,中国卫星,600118.SH,1
hs300,沪深300,600150,中国船舶,600150.SH,1
hs300,沪深300,600160,巨化股份,600160.SH,1
hs300,沪深300,600176,中国巨石,600176.SH,1
hs300,沪深300,600183,生益科技,600183.SH,1
hs300,沪深300,600188,兖矿能源,600188.SH,1
hs300,沪深300,600196,复星医药,600196.SH,1
hs300,沪深300,600219,南山铝业,600219.SH,1
hs300,沪深300,600221,海航控股,600221.SH,1
hs300,沪深300,600233,圆通速递,600233.SH,1
hs300,沪深300,600276,恒瑞医药,600276.SH,1
hs300,沪深300,600309,万华化学,600309.SH,1
hs300,沪深300,600346,恒力石化,600346.SH,1
hs300,沪深300,600362,江西铜业,600362.SH,1
hs300,沪深300,600372,中航机载,600372.SH,1
hs300,沪深300,600406,国电南瑞,600406.SH,1
hs300,沪深300,600415,小商品城,600415.SH,1
hs300,沪深300,600426,华鲁恒升,600426.SH,1
hs300,沪深300,600436,片仔癀,600436.SH,1
hs300,沪深300,600438,通威股份,600438.SH,1
hs300,沪深300,600460,士兰微,600460.SH,1
hs300,沪深300,600482,中国动力,600482.SH,1
hs300,沪深300,600489,中金黄金,600489.SH,1
hs300,沪深300,600515,海南机场,600515.SH,1
hs300,沪深300,600519,贵州茅台,600519.SH,1
hs300,沪深300,600522,中天科技,600522.SH,1
hs300,沪深300,600547,山东黄金,600547.SH,1
hs300,沪深300,600549,厦门钨业,600549.SH,1
hs300,沪深300,600570,恒生电子,600570.SH,1
hs300,沪深300,600584,长电科技,600584.SH,1
hs300,沪深300,600585,海螺水泥,600585.SH,1
hs300,沪深300,600588,用友网络,600588.SH,1
hs300,沪深300,600600,青岛啤酒,600600.SH,1
hs300,沪深300,600660,福耀玻璃,600660.SH,1
hs300,沪深300,600674,川投能源,600674.SH,1
hs300,沪深300,600690,海尔智家,600690.SH,1
hs300,沪深300,600741,华域汽车,600741.SH,1
hs300,沪深300,600760,中航沈飞,600760.SH,1
hs300,沪深300,600795,国电电力,600795.SH,1
hs300,沪深300,600803,新奥股份,600803.SH,1
hs300,沪深300,600809,山西汾酒,600809.SH,1
hs300,沪深300,600845,宝信软件,600845.SH,1
hs300,沪深300,600875,东方电气,600875.SH,1
hs300,沪深300,600886,国投电力,600886.SH,1
hs300,沪深300,600887,伊利股份,600887.SH,1
hs300,沪深300,600893,航发动力,600893.SH,1
hs300,沪深300,600900,长江电力,600900.SH,1
hs300,沪深300,600905,三峡能源,600905.SH,1
hs300,沪深300,600918,中泰证券,600918.SH,1
hs300,沪深300,600919,江苏银行,600919.SH,1
hs300,沪深300,600926,杭州银行,600926.SH,1
hs300,沪深300,600930,华电新能,600930.SH,1
hs300,沪深300,600938,中国海油,600938.SH,1
hs300,沪深300,600941,中国移动,600941.SH,1
hs300,沪深300,600958,东方证券,600958.SH,1
hs300,沪深300,600989,宝丰能源,600989.SH,1
hs300,沪深300,600999,招商证券,600999.SH,1
hs300,沪深300,601006,大秦铁路,601006.SH,1
hs300,沪深300,601009,南京银行,601009.SH,1
hs300,沪深300,601012,隆基绿能,601012.SH,1
hs300,沪深300,601018,宁波港,601018.SH,1
hs300,沪深300,601021,春秋航空,601021.SH,1
hs300,沪深300,601058,赛轮轮胎,601058.SH,1
hs300,沪深300,601059,信达证券,601059.SH,1
hs300,沪深300,601066,中信建投,601066.SH,1
hs300,沪深300,601077,渝农商行,601077.SH,1
hs300,沪深300,601088,中国神华,601088.SH,1
hs300,沪深300,601100,恒立液压,601100.SH,1
hs300,沪深300,601111,中国国航,601111.SH,1
hs300,沪深300,601117,中国化学,601117.SH,1
hs300,沪深300,601127,赛力斯,601127.SH,1
hs300,沪深300,601136,首创证券,601136.SH,1
hs300,沪深300,601138,工业富联,601138.SH,1
hs300,沪深300,601166,兴业银行,601166.SH,1
hs300,沪深300,601169,北京银行,601169.SH,1
hs300,沪深300,601186,中国铁建,601186.SH,1
hs300,沪深300,601211,国泰海通,601211.SH,1
hs300,沪深300,601225,陕西煤业,601225.SH,1
hs300,沪深300,601229,上海银行,601229.SH,1
hs300,沪深300,601238,广汽集团,601238.SH,1
hs300,沪深300,601288,农业银行,601288.SH,1
hs300,沪深300,601318,中国平安,601318.SH,1
hs300,沪深300,601319,中国人保,601319.SH,1
hs300,沪深300,601328,交通银行,601328.SH,1
hs300,沪深300,601336,新华保险,601336.SH,1
hs300,沪深300,601360,三六零,601360.SH,1
hs300,沪深300,601377,兴业证券,601377.SH,1
hs300,沪深300,601390,中国中铁,601390.SH,1
hs300,沪深300,601398,工商银行,601398.SH,1
hs300,沪深300,601456,国联民生,601456.SH,1
hs300,沪深300,601600,中国铝业,601600.SH,1
hs300,沪深300,601601,中国太保,601601.SH,1
hs300,沪深300,601607,上海医药,601607.SH,1
hs300,沪深300,601618,中国中冶,601618.SH,1
hs300,沪深300,601628,中国人寿,601628.SH,1
hs300,沪深300,601633,长城汽车,601633.SH,1
hs300,沪深300,601658,邮储银行,601658.SH,1
hs300,沪深300,601668,中国建筑,601668.SH,1
hs300,沪深300,601669,中国电建,601669.SH,1
hs300,沪深300,601688,华泰证券,601688.SH,1
hs300,沪深300,601689,拓普集团,601689.SH,1
hs300,沪深300,601698,中国卫通,601698.SH,1
hs300,沪深300,601727,上海电气,601727.SH,1
hs300,沪深300,601728,中国电信,601728.SH,1
hs300,沪深300,601766,中国中车,601766.SH,1
hs300,沪深300,601788,光大证券,601788.SH,1
hs300,沪深300,601800,中国交建,601800.SH,1
hs300,沪深300,601816,京沪高铁,601816.SH,1
hs300,沪深300,601818,光大银行,601818.SH,1
hs300,沪深300,601825,沪农商行,601825.SH,1
hs300,沪深300,601838,成都银行,601838.SH,1
hs300,沪深300,601857,中国石油,601857.SH,1
hs300,沪深300,601868,中国能建,601868.SH,1
hs300,沪深300,601872,招商轮船,601872.SH,1
hs300,沪深300,601877,正泰电器,601877.SH,1
hs300,沪深300,601878,浙商证券,601878.SH,1
hs300,沪深300,601881,中国银河,601881.SH,1
hs300,沪深300,601888,中国中免,601888.SH,1
hs300,沪深300,601898,中煤能源,601898.SH,1
hs300,沪深300,601899,紫金矿业,601899.SH,1
hs300,沪深300,601901,方正证券,601901.SH,1
hs300,沪深300,601916,浙商银行,601916.SH,1
hs300,沪深300,601919,中远海控,601919.SH,1
hs300,沪深300,601939,建设银行,601939.SH,1
hs300,沪深300,601985,中国核电,601985.SH,1
hs300,沪深300,601988,中国银行,601988.SH,1
hs300,沪深300,601995,中金公司,601995.SH,1
hs300,沪深300,601998,中信银行,601998.SH,1
hs300,沪深300,603019,中科曙光,603019.SH,1
hs300,沪深300,603259,药明康德,603259.SH,1
hs300,沪深300,603260,合盛硅业,603260.SH,1
hs300,沪深300,603288,海天味业,603288.SH,1
hs300,沪深300,603296,华勤技术,603296.SH,1
hs300,沪深300,603369,今世缘,603369.SH,1
hs300,沪深300,603392,万泰生物,603392.SH,1
hs300,沪深300,603501,豪威集团,603501.SH,1
hs300,沪深300,603799,华友钴业,603799.SH,1
hs300,沪深300,603893,瑞芯微,603893.SH,1
hs300,沪深300,603986,兆易创新,603986.SH,1
hs300,沪深300,603993,洛阳钼业,603993.SH,1
hs300,沪深300,605117,德业股份,605117.SH,1
hs300,沪深300,605499,东鹏饮料,605499.SH,1
hs300,沪深300,688008,澜起科技,688008.SH,1
hs300,沪深300,688009,中国通号,688009.SH,1
hs300,沪深300,688012,中微公司,688012.SH,1
hs300,沪深300,688036,传音控股,688036.SH,1
hs300,沪深300,688041,海光信息,688041.SH,1
hs300,沪深300,688047,龙芯中科,688047.SH,1
hs300,沪深300,688072,拓荆科技,688072.SH,1
hs300,沪深300,688082,盛美上海,688082.SH,1
hs300,沪深300,688111,金山办公,688111.SH,1
hs300,沪深300,688126,沪硅产业,688126.SH,1
hs300,沪深300,688183,生益电子,688183.SH,1
hs300,沪深300,688223,晶科能源,688223.SH,1
hs300,沪深300,688256,寒武纪,688256.SH,1
hs300,沪深300,688271,联影医疗,688271.SH,1
hs300,沪深300,688303,大全能源,688303.SH,1
hs300,沪深300,688396,华润微,688396.SH,1
hs300,沪深300,688472,阿特斯,688472.SH,1
hs300,沪深300,688506,百利天恒,688506.SH,1
hs300,沪深300,688521,芯原股份,688521.SH,1
hs300,沪深300,688981,中芯国际,688981.SH,1
csi500,中证500,000009,中国宝安,000009.SZ,3
csi500,中证500,000021,深科技,000021.SZ,3
csi500,中证500,000027,深圳能源,000027.SZ,3
csi500,中证500,000032,深桑达A,000032.SZ,3
csi500,中证500,000034,神州数码,000034.SZ,3
csi500,中证500,000039,中集集团,000039.SZ,3
csi500,中证500,000050,深天马A,000050.SZ,3
csi500,中证500,000060,中金岭南,000060.SZ,3
csi500,中证500,000062,深圳华强,000062.SZ,3
csi500,中证500,000088,盐田港,000088.SZ,3
csi500,中证500,000155,川能动力,000155.SZ,3
csi500,中证500,000400,许继电气,000400.SZ,3
csi500,中证500,000415,渤海租赁,000415.SZ,3
csi500,中证500,000423,东阿阿胶,000423.SZ,3
csi500,中证500,000429,粤高速A,000429.SZ,3
csi500,中证500,000513,丽珠集团,000513.SZ,3
csi500,中证500,000519,中兵红箭,000519.SZ,3
csi500,中证500,000528,柳工,000528.SZ,3
csi500,中证500,000537,绿发电力,000537.SZ,3
csi500,中证500,000539,粤电力A,000539.SZ,3
csi500,中证500,000559,万向钱潮,000559.SZ,3
csi500,中证500,000582,北部湾港,000582.SZ,3
csi500,中证500,000591,太阳能,000591.SZ,3
csi500,中证500,000598,兴蓉环境,000598.SZ,3
csi500,中证500,000623,吉林敖东,000623.SZ,3
csi500,中证500,000629,钒钛股份,000629.SZ,3
csi500,中证500,000661,长春高新,000661.SZ,3
csi500,中证500,000683,博源化工,000683.SZ,3
csi500,中证500,000703,恒逸石化,000703.SZ,3
csi500,中证500,000709,河钢股份,000709.SZ,3
csi500,中证500,000723,美锦能源,000723.SZ,3
csi500,中证500,000728,国元证券,000728.SZ,3
csi500,中证500,000729,燕京啤酒,000729.SZ,3
csi500,中证500,000733,振华科技,000733.SZ,3
csi500,中证500,000737,北方铜业,000737.SZ,3
csi500,中证500,000738,航发控制,000738.SZ,3
csi500,中证500,000739,普洛药业,000739.SZ,3
csi500,中证500,000750,国海证券,000750.SZ,3
csi500,中证500,000783,长江证券,000783.SZ,3
csi500,中证500,000785,居然智家,000785.SZ,3
csi500,中证500,000786,北新建材,000786.SZ,3
csi500,中证500,000800,一汽解放,000800.SZ,3
csi500,中证500,000825,太钢不锈,000825.SZ,3
csi500,中证500,000830,鲁西化工,000830.SZ,3
csi500,中证500,000831,中国稀土,000831.SZ,3
csi500,中证500,000878,云南铜业,000878.SZ,3
csi500,中证500,000883,湖北能源,000883.SZ,3
csi500,中证500,000887,中鼎股份,000887.SZ,3
csi500,中证500,000893,亚钾国际,000893.SZ,3
csi500,中证500,000898,鞍钢股份,000898.SZ,3
csi500,中证500,000921,海信家电,000921.SZ,3
csi500,中证500,000932,华菱钢铁,000932.SZ,3
csi500,中证500,000937,冀中能源,000937.SZ,3
csi500,中证500,000951,中国重汽,000951.SZ,3
csi500,中证500,000959,首钢股份,000959.SZ,3
csi500,中证500,000960,锡业股份,000960.SZ,3
csi500,中证500,000967,盈峰环境,000967.SZ,3
csi500,中证500,000983,山西焦煤,000983.SZ,3
csi500,中证500,000987,越秀资本,000987.SZ,3
csi500,中证500,000997,新大陆,000997.SZ,3
csi500,中证500,001203,大中矿业,001203.SZ,3
csi500,中证500,001221,悍高集团,001221.SZ,3
csi500,中证500,001286,陕西能源,001286.SZ,3
csi500,中证500,001309,德明利,001309.SZ,3
csi500,中证500,001386,马可波罗,001386.SZ,3
csi500,中证500,001389,广合科技,001389.SZ,3
csi500,中证500,001696,宗申动力,001696.SZ,3
csi500,中证500,002007,华兰生物,002007.SZ,3
csi500,中证500,002008,大族激光,002008.SZ,3
csi500,中证500,002025,航天电器,002025.SZ,3
csi500,中证500,002032,苏泊尔,002032.SZ,3
csi500,中证500,002044,美年健康,002044.SZ,3
csi500,中证500,002056,横店东磁,002056.SZ,3
csi500,中证500,002064,华峰化学,002064.SZ,3
csi500,中证500,002065,东华软件,002065.SZ,3
csi500,中证500,002078,太阳纸业,002078.SZ,3
csi500,中证500,002085,万丰奥威,002085.SZ,3
csi500,中证500,002120,韵达股份,002120.SZ,3
csi500,中证500,002126,银轮股份,002126.SZ,3
csi500,中证500,002130,沃尔核材,002130.SZ,3
csi500,中证500,002131,利欧股份,002131.SZ,3
csi500,中证500,002138,顺络电子,002138.SZ,3
csi500,中证500,002152,广电运通,002152.SZ,3
csi500,中证500,002153,石基信息,002153.SZ,3
csi500,中证500,002155,湖南黄金,002155.SZ,3
csi500,中证500,002157,正邦科技,002157.SZ,3
csi500,中证500,002185,华天科技,002185.SZ,3
csi500,中证500,002195,岩山科技,002195.SZ,3
csi500,中证500,002203,海亮股份,002203.SZ,3
csi500,中证500,002223,鱼跃医疗,002223.SZ,3
csi500,中证500,002244,滨江集团,002244.SZ,3
csi500,中证500,002252,上海莱士,002252.SZ,3
csi500,中证500,002261,拓维信息,002261.SZ,3
csi500,中证500,002262,恩华药业,002262.SZ,3
csi500,中证500,002265,建设工业,002265.SZ,3
csi500,中证500,002266,浙富控股,002266.SZ,3
csi500,中证500,002271,东方雨虹,002271.SZ,3
csi500,中证500,002273,水晶光电,002273.SZ,3
csi500,中证500,002281,光迅科技,002281.SZ,3
csi500,中证500,002299,圣农发展,002299.SZ,3
csi500,中证500,002312,川发龙蟒,002312.SZ,3
csi500,中证500,002318,久立特材,002318.SZ,3
csi500,中证500,002335,科华数据,002335.SZ,3
csi500,中证500,002340,格林美,002340.SZ,3
csi500,中证500,002402,和而泰,002402.SZ,3
csi500,中证500,002407,多氟多,002407.SZ,3
csi500,中证500,002409,雅克科技,002409.SZ,3
csi500,中证500,002410,广联达,002410.SZ,3
csi500,中证500,002414,高德红外,002414.SZ,3
csi500,中证500,002423,中粮资本,002423.SZ,3
csi500,中证500,002429,兆驰股份,002429.SZ,3
csi500,中证500,002430,杭氧股份,002430.SZ,3
csi500,中证500,002432,九安医疗,002432.SZ,3
csi500,中证500,002436,兴森科技,002436.SZ,3
csi500,中证500,002444,巨星科技,002444.SZ,3
csi500,中证500,002461,珠江啤酒,002461.SZ,3
csi500,中证500,002465,海格通信,002465.SZ,3
csi500,中证500,002472,双环传动,002472.SZ,3
csi500,中证500,002487,大金重工,002487.SZ,3
csi500,中证500,002500,山西证券,002500.SZ,3
csi500,中证500,002508,老板电器,002508.SZ,3
csi500,中证500,002517,恺英网络,002517.SZ,3
csi500,中证500,002568,百润股份,002568.SZ,3
csi500,中证500,002583,海能达,002583.SZ,3
csi500,中证500,002601,龙佰集团,002601.SZ,3
csi500,中证500,002603,以岭药业,002603.SZ,3
csi500,中证500,002608,江苏国信,002608.SZ,3
csi500,中证500,002624,完美世界,002624.SZ,3
csi500,中证500,002670,国盛证券,002670.SZ,3
csi500,中证500,002673,西部证券,002673.SZ,3
csi500,中证500,002683,广东宏大,002683.SZ,3
csi500,中证500,002738,中矿资源,002738.SZ,3
csi500,中证500,002739,儒意电影,002739.SZ,3
csi500,中证500,002756,永兴材料,002756.SZ,3
csi500,中证500,002773,康弘药业,002773.SZ,3
csi500,中证500,002797,第一创业,002797.SZ,3
csi500,中证500,002812,恩捷股份,002812.SZ,3
csi500,中证500,002821,凯莱英,002821.SZ,3
csi500,中证500,002831,裕同科技,002831.SZ,3
csi500,中证500,002841,视源股份,002841.SZ,3
csi500,中证500,002850,科达利,002850.SZ,3
csi500,中证500,002851,麦格米特,002851.SZ,3
csi500,中证500,002926,华西证券,002926.SZ,3
csi500,中证500,002939,长城证券,002939.SZ,3
csi500,中证500,002945,华林证券,002945.SZ,3
csi500,中证500,002966,苏州银行,002966.SZ,3
csi500,中证500,002984,森麒麟,002984.SZ,3
csi500,中证500,003021,兆威机电,003021.SZ,3
csi500,中证500,003022,联泓新科,003022.SZ,3
csi500,中证500,003031,中瓷电子,003031.SZ,3
csi500,中证500,003035,南网能源,003035.SZ,3
csi500,中证500,300001,特锐德,300001.SZ,3
csi500,中证500,300002,神州泰岳,300002.SZ,3
csi500,中证500,300003,乐普医疗,300003.SZ,3
csi500,中证500,300012,华测检测,300012.SZ,3
csi500,中证500,300017,网宿科技,300017.SZ,3
csi500,中证500,300024,机器人,300024.SZ,3
csi500,中证500,300037,新宙邦,300037.SZ,3
csi500,中证500,300054,鼎龙股份,300054.SZ,3
csi500,中证500,300058,蓝色光标,300058.SZ,3
csi500,中证500,300073,当升科技,300073.SZ,3
csi500,中证500,300100,双林股份,300100.SZ,3
csi500,中证500,300115,长盈精密,300115.SZ,3
csi500,中证500,300136,信维通信,300136.SZ,3
csi500,中证500,300140,节能环境,300140.SZ,3
csi500,中证500,300142,沃森生物,300142.SZ,3
csi500,中证500,300144,宋城演艺,300144.SZ,3
csi500,中证500,300146,汤臣倍健,300146.SZ,3
csi500,中证500,300207,欣旺达,300207.SZ,3
csi500,中证500,300223,北京君正,300223.SZ,3
csi500,中证500,300285,国瓷材料,300285.SZ,3
csi500,中证500,300339,润和软件,300339.SZ,3
csi500,中证500,300346,南大光电,300346.SZ,3
csi500,中证500,300373,扬杰科技,300373.SZ,3
csi500,中证500,300383,光环新网,300383.SZ,3
csi500,中证500,300390,天华新能,300390.SZ,3
csi500,中证500,300395,菲利华,300395.SZ,3
csi500,中证500,300432,富临精工,300432.SZ,3
csi500,中证500,300454,深信服,300454.SZ,3
csi500,中证500,300458,全志科技,300458.SZ,3
csi500,中证500,300474,景嘉微,300474.SZ,3
csi500,中证500,300475,香农芯创,300475.SZ,3
csi500,中证500,300487,蓝晓科技,300487.SZ,3
csi500,中证500,300496,中科创达,300496.SZ,3
csi500,中证500,300548,长芯博创,300548.SZ,3
csi500,中证500,300558,贝达药业,300558.SZ,3
csi500,中证500,300567,精测电子,300567.SZ,3
csi500,中证500,300570,太辰光,300570.SZ,3
csi500,中证500,300604,长川科技,300604.SZ,3
csi500,中证500,300620,光库科技,300620.SZ,3
csi500,中证500,300623,捷捷微电,300623.SZ,3
csi500,中证500,300627,华测导航,300627.SZ,3
csi500,中证500,300666,江丰电子,300666.SZ,3
csi500,中证500,300676,华大基因,300676.SZ,3
csi500,中证500,300677,英科医疗,300677.SZ,3
csi500,中证500,300679,电连技术,300679.SZ,3
csi500,中证500,300699,光威复材,300699.SZ,3
csi500,中证500,300718,长盛轴承,300718.SZ,3
csi500,中证500,300724,捷佳伟创,300724.SZ,3
csi500,中证500,300735,光弘科技,300735.SZ,3
csi500,中证500,300748,金力永磁,300748.SZ,3
csi500,中证500,300751,迈为股份,300751.SZ,3
csi500,中证500,300757,罗博特科,300757.SZ,3
csi500,中证500,300759,康龙化成,300759.SZ,3
csi500,中证500,300763,锦浪科技,300763.SZ,3
csi500,中证500,300857,协创数据,300857.SZ,3
csi500,中证500,300888,稳健医疗,300888.SZ,3
csi500,中证500,300919,中伟新材,300919.SZ,3
csi500,中证500,300953,震裕科技,300953.SZ,3
csi500,中证500,300957,贝泰妮,300957.SZ,3
csi500,中证500,300972,万辰集团,300972.SZ,3
csi500,中证500,301200,大族数控,301200.SZ,3
csi500,中证500,301301,川宁生物,301301.SZ,3
csi500,中证500,301358,湖南裕能,301358.SZ,3
csi500,中证500,301377,鼎泰高科,301377.SZ,3
csi500,中证500,301498,乖宝宠物,301498.SZ,3
csi500,中证500,301526,国际复材,301526.SZ,3
csi500,中证500,301536,星宸科技,301536.SZ,3
csi500,中证500,301606,绿联科技,301606.SZ,3
csi500,中证500,301611,珂玛科技,301611.SZ,3
csi500,中证500,600004,白云机场,600004.SH,3
csi500,中证500,600008,首创环保,600008.SH,3
csi500,中证500,600021,上海电力,600021.SH,3
csi500,中证500,600032,浙江新能,600032.SH,3
csi500,中证500,600038,中直股份,600038.SH,3
csi500,中证500,600060,海信视像,600060.SH,3
csi500,中证500,600062,华润双鹤,600062.SH,3
csi500,中证500,600095,湘财股份,600095.SH,3
csi500,中证500,600098,广州发展,600098.SH,3
csi500,中证500,600100,同方股份,600100.SH,3
csi500,中证500,600105,永鼎股份,600105.SH,3
csi500,中证500,600109,国金证券,600109.SH,3
csi500,中证500,600126,杭钢股份,600126.SH,3
csi500,中证500,600131,国网信通,600131.SH,3
csi500,中证500,600132,重庆啤酒,600132.SH,3
csi500,中证500,600141,兴发集团,600141.SH,3
csi500,中证500,600143,金发科技,600143.SH,3
csi500,中证500,600153,建发股份,600153.SH,3
csi500,中证500,600157,永泰能源,600157.SH,3
csi500,中证500,600161,天坛生物,600161.SH,3
csi500,中证500,600166,福田汽车,600166.SH,3
csi500,中证500,600170,上海建工,600170.SH,3
csi500,中证500,600171,上海贝岭,600171.SH,3
csi500,中证500,600177,雅戈尔,600177.SH,3
csi500,中证500,600208,衢州发展,600208.SH,3
csi500,中证500,600256,广汇能源,600256.SH,3
csi500,中证500,600282,南钢股份,600282.SH,3
csi500,中证500,600292,电投水电,600292.SH,3
csi500,中证500,600295,鄂尔多斯,600295.SH,3
csi500,中证500,600298,安琪酵母,600298.SH,3
csi500,中证500,600299,安迪苏,600299.SH,3
csi500,中证500,600312,平高电气,600312.SH,3
csi500,中证500,600316,洪都航空,600316.SH,3
csi500,中证500,600329,达仁堂,600329.SH,3
csi500,中证500,600332,白云山,600332.SH,3
csi500,中证500,600339,中油工程,600339.SH,3
csi500,中证500,600348,华阳股份,600348.SH,3
csi500,中证500,600350,山东高速,600350.SH,3
csi500,中证500,600352,浙江龙盛,600352.SH,3
csi500,中证500,600363,联创光电,600363.SH,3
csi500,中证500,600369,西南证券,600369.SH,3
csi500,中证500,600377,宁沪高速,600377.SH,3
csi500,中证500,600378,昊华科技,600378.SH,3
csi500,中证500,600380,健康元,600380.SH,3
csi500,中证500,600390,五矿资本,600390.SH,3
csi500,中证500,600392,盛和资源,600392.SH,3
csi500,中证500,600398,海澜之家,600398.SH,3
csi500,中证500,600435,北方导航,600435.SH,3
csi500,中证500,600483,福能股份,600483.SH,3
csi500,中证500,600486,扬农化工,600486.SH,3
csi500,中证500,600497,驰宏锌锗,600497.SH,3
csi500,中证500,600498,烽火通信,600498.SH,3
csi500,中证500,600499,科达制造,600499.SH,3
csi500,中证500,600511,国药股份,600511.SH,3
csi500,中证500,600516,方大炭素,600516.SH,3
csi500,中证500,600517,国网英大,600517.SH,3
csi500,中证500,600521,华海药业,600521.SH,3
csi500,中证500,600535,天士力,600535.SH,3
csi500,中证500,600536,中国软件,600536.SH,3
csi500,中证500,600546,山煤国际,600546.SH,3
csi500,中证500,600562,国睿科技,600562.SH,3
csi500,中证500,600563,法拉电子,600563.SH,3
csi500,中证500,600566,济川药业,600566.SH,3
csi500,中证500,600578,京能电力,600578.SH,3
csi500,中证500,600582,天地科技,600582.SH,3
csi500,中证500,600583,海油工程,600583.SH,3
csi500,中证500,600595,中孚实业,600595.SH,3
csi500,中证500,600598,北大荒,600598.SH,3
csi500,中证500,600601,方正科技,600601.SH,3
csi500,中证500,600602,云赛智联,600602.SH,3
csi500,中证500,600606,绿地控股,600606.SH,3
csi500,中证500,600637,东方明珠,600637.SH,3
csi500,中证500,600642,申能股份,600642.SH,3
csi500,中证500,600655,豫园股份,600655.SH,3
csi500,中证500,600663,陆家嘴,600663.SH,3
csi500,中证500,600685,中船防务,600685.SH,3
csi500,中证500,600688,上海石化,600688.SH,3
csi500,中证500,600699,均胜电子,600699.SH,3
csi500,中证500,600704,物产中大,600704.SH,3
csi500,中证500,600707,彩虹股份,600707.SH,3
csi500,中证500,600711,盛屯矿业,600711.SH,3
csi500,中证500,600737,中粮糖业,600737.SH,3
csi500,中证500,600754,锦江酒店,600754.SH,3
csi500,中证500,600763,通策医疗,600763.SH,3
csi500,中证500,600764,中国海防,600764.SH,3
csi500,中证500,600765,中航重机,600765.SH,3
csi500,中证500,600801,华新建材,600801.SH,3
csi500,中证500,600808,马钢股份,600808.SH,3
csi500,中证500,600816,建元信托,600816.SH,3
csi500,中证500,600820,隧道股份,600820.SH,3
csi500,中证500,600848,上海临港,600848.SH,3
csi500,中证500,600862,中航高科,600862.SH,3
csi500,中证500,600863,华能蒙电,600863.SH,3
csi500,中证500,600871,石化油服,600871.SH,3
csi500,中证500,600873,梅花生物,600873.SH,3
csi500,中证500,600879,航天电子,600879.SH,3
csi500,中证500,600884,杉杉股份,600884.SH,3
csi500,中证500,600885,宏发股份,600885.SH,3
csi500,中证500,600901,江苏金租,600901.SH,3
csi500,中证500,600906,财达证券,600906.SH,3
csi500,中证500,600909,华安证券,600909.SH,3
csi500,中证500,600927,永安期货,600927.SH,3
csi500,中证500,600967,内蒙一机,600967.SH,3
csi500,中证500,600968,海油发展,600968.SH,3
csi500,中证500,600970,中材国际,600970.SH,3
csi500,中证500,600977,中国电影,600977.SH,3
csi500,中证500,600985,淮北矿业,600985.SH,3
csi500,中证500,600988,赤峰黄金,600988.SH,3
csi500,中证500,600995,南网储能,600995.SH,3
csi500,中证500,600998,九州通,600998.SH,3
csi500,中证500,601000,唐山港,601000.SH,3
csi500,中证500,601001,晋控煤业,601001.SH,3
csi500,中证500,601016,节能风电,601016.SH,3
csi500,中证500,601019,山东出版,601019.SH,3
csi500,中证500,601098,中南传媒,601098.SH,3
csi500,中证500,601099,太平洋,601099.SH,3
csi500,中证500,601106,中国一重,601106.SH,3
csi500,中证500,601108,财通证券,601108.SH,3
csi500,中证500,601112,振石股份,601112.SH,3
csi500,中证500,601118,海南橡胶,601118.SH,3
csi500,中证500,601128,常熟银行,601128.SH,3
csi500,中证500,601139,深圳燃气,601139.SH,3
csi500,中证500,601155,新城控股,601155.SH,3
csi500,中证500,601156,东航物流,601156.SH,3
csi500,中证500,601162,天风证券,601162.SH,3
csi500,中证500,601179,中国西电,601179.SH,3
csi500,中证500,601198,东兴证券,601198.SH,3
csi500,中证500,601212,白银有色,601212.SH,3
csi500,中证500,601216,君正集团,601216.SH,3
csi500,中证500,601228,广州港,601228.SH,3
csi500,中证500,601233,桐昆股份,601233.SH,3
csi500,中证500,601236,红塔证券,601236.SH,3
csi500,中证500,601298,青岛港,601298.SH,3
csi500,中证500,601399,国机重装,601399.SH,3
csi500,中证500,601555,东吴证券,601555.SH,3
csi500,中证500,601567,三星电气,601567.SH,3
csi500,中证500,601577,长沙银行,601577.SH,3
csi500,中证500,601598,中国外运,601598.SH,3
csi500,中证500,601608,中信重工,601608.SH,3
csi500,中证500,601611,中国核建,601611.SH,3
csi500,中证500,601615,明阳智能,601615.SH,3
csi500,中证500,601665,齐鲁银行,601665.SH,3
csi500,中证500,601666,平煤股份,601666.SH,3
csi500,中证500,601696,中银证券,601696.SH,3
csi500,中证500,601699,潞安环能,601699.SH,3
csi500,中证500,601717,中创智领,601717.SH,3
csi500,中证500,601799,星宇股份,601799.SH,3
csi500,中证500,601808,中海油服,601808.SH,3
csi500,中证500,601865,福莱特,601865.SH,3
csi500,中证500,601866,中远海发,601866.SH,3
csi500,中证500,601869,长飞光纤,601869.SH,3
csi500,中证500,601880,辽港股份,601880.SH,3
csi500,中证500,601928,凤凰传媒,601928.SH,3
csi500,中证500,601958,金钼股份,601958.SH,3
csi500,中证500,601966,玲珑轮胎,601966.SH,3
csi500,中证500,601990,南京证券,601990.SH,3
csi500,中证500,601991,大唐发电,601991.SH,3
csi500,中证500,601997,贵阳银行,601997.SH,3
csi500,中证500,603000,人民网,603000.SH,3
csi500,中证500,603049,中策橡胶,603049.SH,3
csi500,中证500,603077,和邦生物,603077.SH,3
csi500,中证500,603087,甘李药业,603087.SH,3
csi500,中证500,603092,德力佳,603092.SH,3
csi500,中证500,603119,浙江荣泰,603119.SH,3
csi500,中证500,603129,春风动力,603129.SH,3
csi500,中证500,603156,养元饮品,603156.SH,3
csi500,中证500,603160,汇顶科技,603160.SH,3
csi500,中证500,603175,超颖电子,603175.SH,3
csi500,中证500,603179,新泉股份,603179.SH,3
csi500,中证500,603225,新凤鸣,603225.SH,3
csi500,中证500,603233,大参林,603233.SH,3
csi500,中证500,603256,宏和科技,603256.SH,3
csi500,中证500,603290,斯达半导,603290.SH,3
csi500,中证500,603298,杭叉集团,603298.SH,3
csi500,中证500,603308,应流股份,603308.SH,3
csi500,中证500,603338,浙江鼎力,603338.SH,3
csi500,中证500,603341,龙旗科技,603341.SH,3
csi500,中证500,603345,安井食品,603345.SH,3
csi500,中证500,603379,三美股份,603379.SH,3
csi500,中证500,603444,吉比特,603444.SH,3
csi500,中证500,603486,科沃斯,603486.SH,3
csi500,中证500,603529,爱玛科技,603529.SH,3
csi500,中证500,603565,中谷物流,603565.SH,3
csi500,中证500,603568,伟明环保,603568.SH,3
csi500,中证500,603589,口子窖,603589.SH,3
csi500,中证500,603596,伯特利,603596.SH,3
csi500,中证500,603605,珀莱雅,603605.SH,3
csi500,中证500,603606,东方电缆,603606.SH,3
csi500,中证500,603650,彤程新材,603650.SH,3
csi500,中证500,603658,安图生物,603658.SH,3
csi500,中证500,603659,璞泰来,603659.SH,3
csi500,中证500,603688,石英股份,603688.SH,3
csi500,中证500,603699,纽威股份,603699.SH,3
csi500,中证500,603728,鸣志电器,603728.SH,3
csi500,中证500,603737,三棵树,603737.SH,3
csi500,中证500,603766,隆鑫通用,603766.SH,3
csi500,中证500,603786,科博达,603786.SH,3
csi500,中证500,603806,福斯特,603806.SH,3
csi500,中证500,603816,顾家家居,603816.SH,3
csi500,中证500,603833,欧派家居,603833.SH,3
csi500,中证500,603858,步长制药,603858.SH,3
csi500,中证500,603885,吉祥航空,603885.SH,3
csi500,中证500,603899,晨光股份,603899.SH,3
csi500,中证500,603920,世运电路,603920.SH,3
csi500,中证500,603939,益丰药房,603939.SH,3
csi500,中证500,603979,金诚信,603979.SH,3
csi500,中证500,605358,立昂微,605358.SH,3
csi500,中证500,605589,圣泉集团,605589.SH,3
csi500,中证500,688002,睿创微纳,688002.SH,3
csi500,中证500,688017,绿的谐波,688017.SH,3
csi500,中证500,688018,乐鑫科技,688018.SH,3
csi500,中证500,688019,安集科技,688019.SH,3
csi500,中证500,688027,国盾量子,688027.SH,3
csi500,中证500,688037,芯源微,688037.SH,3
csi500,中证500,688052,纳芯微,688052.SH,3
csi500,中证500,688065,凯赛生物,688065.SH,3
csi500,中证500,688099,晶晨股份,688099.SH,3
csi500,中证500,688114,华大智造,688114.SH,3
csi500,中证500,688120,华海清科,688120.SH,3
csi500,中证500,688122,西部超导,688122.SH,3
csi500,中证500,688166,博瑞医药,688166.SH,3
csi500,中证500,688169,石头科技,688169.SH,3
csi500,中证500,688172,燕东微,688172.SH,3
csi500,中证500,688180,君实生物,688180.SH,3
csi500,中证500,688187,时代电气,688187.SH,3
csi500,中证500,688188,柏楚电子,688188.SH,3
csi500,中证500,688192,迪哲医药,688192.SH,3
csi500,中证500,688200,华峰测控,688200.SH,3
csi500,中证500,688213,思特威,688213.SH,3
csi500,中证500,688220,翱捷科技,688220.SH,3
csi500,中证500,688234,天岳先进,688234.SH,3
csi500,中证500,688235,百济神州,688235.SH,3
csi500,中证500,688248,南网科技,688248.SH,3
csi500,中证500,688266,泽璟制药,688266.SH,3
csi500,中证500,688278,特宝生物,688278.SH,3
csi500,中证500,688281,华秦科技,688281.SH,3
csi500,中证500,688295,中复神鹰,688295.SH,3
csi500,中证500,688297,中无人机,688297.SH,3
csi500,中证500,688301,奕瑞科技,688301.SH,3
csi500,中证500,688313,仕佳光子,688313.SH,3
csi500,中证500,688318,财富趋势,688318.SH,3
csi500,中证500,688322,奥比中光,688322.SH,3
csi500,中证500,688331,荣昌生物,688331.SH,3
csi500,中证500,688336,三生国健,688336.SH,3
csi500,中证500,688343,云天励飞,688343.SH,3
csi500,中证500,688347,华虹宏力,688347.SH,3
csi500,中证500,688349,三一重能,688349.SH,3
csi500,中证500,688361,中科飞测,688361.SH,3
csi500,中证500,688363,华熙生物,688363.SH,3
csi500,中证500,688375,国博电子,688375.SH,3
csi500,中证500,688385,复旦微电,688385.SH,3
csi500,中证500,688387,信科移动,688387.SH,3
csi500,中证500,688411,海博思创,688411.SH,3
csi500,中证500,688425,铁建重工,688425.SH,3
csi500,中证500,688469,芯联集成,688469.SH,3
csi500,中证500,688475,萤石网络,688475.SH,3
csi500,中证500,688498,源杰科技,688498.SH,3
csi500,中证500,688520,神州细胞,688520.SH,3
csi500,中证500,688538,和辉光电,688538.SH,3
csi500,中证500,688561,奇安信,688561.SH,3
csi500,中证500,688563,航材股份,688563.SH,3
csi500,中证500,688568,中科星图,688568.SH,3
csi500,中证500,688578,艾力斯,688578.SH,3
csi500,中证500,688582,芯动联科,688582.SH,3
csi500,中证500,688599,天合光能,688599.SH,3
csi500,中证500,688608,恒玄科技,688608.SH,3
csi500,中证500,688615,合合信息,688615.SH,3
csi500,中证500,688617,惠泰医疗,688617.SH,3
csi500,中证500,688629,华丰科技,688629.SH,3
csi500,中证500,688676,金盘科技,688676.SH,3
csi500,中证500,688692,达梦数据,688692.SH,3
csi500,中证500,688702,盛科通信,688702.SH,3
csi500,中证500,688708,佳驰科技,688708.SH,3
csi500,中证500,688709,成都华微,688709.SH,3
csi500,中证500,688728,格科微,688728.SH,3
csi500,中证500,688772,珠海冠宇,688772.SH,3
csi500,中证500,688777,中控技术,688777.SH,3
csi500,中证500,688778,厦钨新能,688778.SH,3
csi500,中证500,688819,天能股份,688819.SH,3
csi500,中证500,689009,九号公司,689009.SH,3
csi_a500,中证A500,000001,平安银行,000001.SZ,6
csi_a500,中证A500,000002,万科A,000002.SZ,6
csi_a500,中证A500,000032,深桑达A,000032.SZ,6
csi_a500,中证A500,000034,神州数码,000034.SZ,6
csi_a500,中证A500,000035,中国天楹,000035.SZ,6
csi_a500,中证A500,000039,中集集团,000039.SZ,6
csi_a500,中证A500,000063,中兴通讯,000063.SZ,6
csi_a500,中证A500,000066,中国长城,000066.SZ,6
csi_a500,中证A500,000069,华侨城A,000069.SZ,6
csi_a500,中证A500,000100,TCL科技,000100.SZ,6
csi_a500,中证A500,000157,中联重科,000157.SZ,6
csi_a500,中证A500,000301,东方盛虹,000301.SZ,6
csi_a500,中证A500,000333,美的集团,000333.SZ,6
csi_a500,中证A500,000338,潍柴动力,000338.SZ,6
csi_a500,中证A500,000400,许继电气,000400.SZ,6
csi_a500,中证A500,000408,藏格矿业,000408.SZ,6
csi_a500,中证A500,000415,渤海租赁,000415.SZ,6
csi_a500,中证A500,000423,东阿阿胶,000423.SZ,6
csi_a500,中证A500,000425,徐工机械,000425.SZ,6
csi_a500,中证A500,000426,兴业银锡,000426.SZ,6
csi_a500,中证A500,000519,中兵红箭,000519.SZ,6
csi_a500,中证A500,000538,云南白药,000538.SZ,6
csi_a500,中证A500,000547,航天发展,000547.SZ,6
csi_a500,中证A500,000568,泸州老窖,000568.SZ,6
csi_a500,中证A500,000617,中油资本,000617.SZ,6
csi_a500,中证A500,000623,吉林敖东,000623.SZ,6
csi_a500,中证A500,000625,长安汽车,000625.SZ,6
csi_a500,中证A500,000630,铜陵有色,000630.SZ,6
csi_a500,中证A500,000651,格力电器,000651.SZ,6
csi_a500,中证A500,000657,中钨高新,000657.SZ,6
csi_a500,中证A500,000661,长春高新,000661.SZ,6
csi_a500,中证A500,000683,博源化工,000683.SZ,6
csi_a500,中证A500,000725,京东方A,000725.SZ,6
csi_a500,中证A500,000733,振华科技,000733.SZ,6
csi_a500,中证A500,000738,航发控制,000738.SZ,6
csi_a500,中证A500,000768,中航西飞,000768.SZ,6
csi_a500,中证A500,000786,北新建材,000786.SZ,6
csi_a500,中证A500,000792,盐湖股份,000792.SZ,6
csi_a500,中证A500,000807,云铝股份,000807.SZ,6
csi_a500,中证A500,000830,鲁西化工,000830.SZ,6
csi_a500,中证A500,000831,中国稀土,000831.SZ,6
csi_a500,中证A500,000833,粤桂股份,000833.SZ,6
csi_a500,中证A500,000858,五粮液,000858.SZ,6
csi_a500,中证A500,000878,云南铜业,000878.SZ,6
csi_a500,中证A500,000887,中鼎股份,000887.SZ,6
csi_a500,中证A500,000932,华菱钢铁,000932.SZ,6
csi_a500,中证A500,000933,神火股份,000933.SZ,6
csi_a500,中证A500,000938,紫光股份,000938.SZ,6
csi_a500,中证A500,000960,锡业股份,000960.SZ,6
csi_a500,中证A500,000963,华东医药,000963.SZ,6
csi_a500,中证A500,000967,盈峰环境,000967.SZ,6
csi_a500,中证A500,000975,山金国际,000975.SZ,6
csi_a500,中证A500,000977,浪潮信息,000977.SZ,6
csi_a500,中证A500,000988,华工科技,000988.SZ,6
csi_a500,中证A500,000998,隆平高科,000998.SZ,6
csi_a500,中证A500,000999,华润三九,000999.SZ,6
csi_a500,中证A500,001965,招商公路,001965.SZ,6
csi_a500,中证A500,001979,招商蛇口,001979.SZ,6
csi_a500,中证A500,002001,新和成,002001.SZ,6
csi_a500,中证A500,002007,华兰生物,002007.SZ,6
csi_a500,中证A500,002008,大族激光,002008.SZ,6
csi_a500,中证A500,002025,航天电器,002025.SZ,6
csi_a500,中证A500,002027,分众传媒,002027.SZ,6
csi_a500,中证A500,002028,思源电气,002028.SZ,6
csi_a500,中证A500,002044,美年健康,002044.SZ,6
csi_a500,中证A500,002049,紫光国微,002049.SZ,6
csi_a500,中证A500,002050,三花智控,002050.SZ,6
csi_a500,中证A500,002064,华峰化学,002064.SZ,6
csi_a500,中证A500,002065,东华软件,002065.SZ,6
csi_a500,中证A500,002074,国轩高科,002074.SZ,6
csi_a500,中证A500,002078,太阳纸业,002078.SZ,6
csi_a500,中证A500,002080,中材科技,002080.SZ,6
csi_a500,中证A500,002085,万丰奥威,002085.SZ,6
csi_a500,中证A500,002091,江苏国泰,002091.SZ,6
csi_a500,中证A500,002120,韵达股份,002120.SZ,6
csi_a500,中证A500,002126,银轮股份,002126.SZ,6
csi_a500,中证A500,002128,电投能源,002128.SZ,6
csi_a500,中证A500,002129,TCL中环,002129.SZ,6
csi_a500,中证A500,002130,沃尔核材,002130.SZ,6
csi_a500,中证A500,002131,利欧股份,002131.SZ,6
csi_a500,中证A500,002138,顺络电子,002138.SZ,6
csi_a500,中证A500,002155,湖南黄金,002155.SZ,6
csi_a500,中证A500,002156,通富微电,002156.SZ,6
csi_a500,中证A500,002176,江特电机,002176.SZ,6
csi_a500,中证A500,002179,中航光电,002179.SZ,6
csi_a500,中证A500,002185,华天科技,002185.SZ,6
csi_a500,中证A500,002195,岩山科技,002195.SZ,6
csi_a500,中证A500,002202,金风科技,002202.SZ,6
csi_a500,中证A500,002223,鱼跃医疗,002223.SZ,6
csi_a500,中证A500,002230,科大讯飞,002230.SZ,6
csi_a500,中证A500,002236,大华股份,002236.SZ,6
csi_a500,中证A500,002241,歌尔股份,002241.SZ,6
csi_a500,中证A500,002244,滨江集团,002244.SZ,6
csi_a500,中证A500,002252,上海莱士,002252.SZ,6
csi_a500,中证A500,002266,浙富控股,002266.SZ,6
csi_a500,中证A500,002271,东方雨虹,002271.SZ,6
csi_a500,中证A500,002273,水晶光电,002273.SZ,6
csi_a500,中证A500,002281,光迅科技,002281.SZ,6
csi_a500,中证A500,002292,奥飞娱乐,002292.SZ,6
csi_a500,中证A500,002294,信立泰,002294.SZ,6
csi_a500,中证A500,002318,久立特材,002318.SZ,6
csi_a500,中证A500,002340,格林美,002340.SZ,6
csi_a500,中证A500,002352,顺丰控股,002352.SZ,6
csi_a500,中证A500,002353,杰瑞股份,002353.SZ,6
csi_a500,中证A500,002371,北方华创,002371.SZ,6
csi_a500,中证A500,002384,东山精密,002384.SZ,6
csi_a500,中证A500,002389,航天彩虹,002389.SZ,6
csi_a500,中证A500,002405,四维图新,002405.SZ,6
csi_a500,中证A500,002407,多氟多,002407.SZ,6
csi_a500,中证A500,002410,广联达,002410.SZ,6
csi_a500,中证A500,002414,高德红外,002414.SZ,6
csi_a500,中证A500,002415,海康威视,002415.SZ,6
csi_a500,中证A500,002422,科伦药业,002422.SZ,6
csi_a500,中证A500,002432,九安医疗,002432.SZ,6
csi_a500,中证A500,002436,兴森科技,002436.SZ,6
csi_a500,中证A500,002444,巨星科技,002444.SZ,6
csi_a500,中证A500,002456,欧菲光,002456.SZ,6
csi_a500,中证A500,002459,晶澳科技,002459.SZ,6
csi_a500,中证A500,002460,赣锋锂业,002460.SZ,6
csi_a500,中证A500,002463,沪电股份,002463.SZ,6
csi_a500,中证A500,002465,海格通信,002465.SZ,6
csi_a500,中证A500,002466,天齐锂业,002466.SZ,6
csi_a500,中证A500,002472,双环传动,002472.SZ,6
csi_a500,中证A500,002475,立讯精密,002475.SZ,6
csi_a500,中证A500,002493,荣盛石化,002493.SZ,6
csi_a500,中证A500,002497,雅化集团,002497.SZ,6
csi_a500,中证A500,002517,恺英网络,002517.SZ,6
csi_a500,中证A500,002532,天山铝业,002532.SZ,6
csi_a500,中证A500,002544,普天科技,002544.SZ,6
csi_a500,中证A500,002555,三七互娱,002555.SZ,6
csi_a500,中证A500,002558,巨人网络,002558.SZ,6
csi_a500,中证A500,002572,索菲亚,002572.SZ,6
csi_a500,中证A500,002594,比亚迪,002594.SZ,6
csi_a500,中证A500,002595,豪迈科技,002595.SZ,6
csi_a500,中证A500,002600,领益智造,002600.SZ,6
csi_a500,中证A500,002601,龙佰集团,002601.SZ,6
csi_a500,中证A500,002602,世纪华通,002602.SZ,6
csi_a500,中证A500,002603,以岭药业,002603.SZ,6
csi_a500,中证A500,002607,中公教育,002607.SZ,6
csi_a500,中证A500,002625,光启技术,002625.SZ,6
csi_a500,中证A500,002648,卫星化学,002648.SZ,6
csi_a500,中证A500,002709,天赐材料,002709.SZ,6
csi_a500,中证A500,002714,牧原股份,002714.SZ,6
csi_a500,中证A500,002738,中矿资源,002738.SZ,6
csi_a500,中证A500,002756,永兴材料,002756.SZ,6
csi_a500,中证A500,002812,恩捷股份,002812.SZ,6
csi_a500,中证A500,002821,凯莱英,002821.SZ,6
csi_a500,中证A500,002831,裕同科技,002831.SZ,6
csi_a500,中证A500,002837,英维克,002837.SZ,6
csi_a500,中证A500,002851,麦格米特,002851.SZ,6
csi_a500,中证A500,002891,中宠股份,002891.SZ,6
csi_a500,中证A500,002916,深南电路,002916.SZ,6
csi_a500,中证A500,002920,德赛西威,002920.SZ,6
csi_a500,中证A500,002938,鹏鼎控股,002938.SZ,6
csi_a500,中证A500,003816,中国广核,003816.SZ,6
csi_a500,中证A500,300001,特锐德,300001.SZ,6
csi_a500,中证A500,300003,乐普医疗,300003.SZ,6
csi_a500,中证A500,300012,华测检测,300012.SZ,6
csi_a500,中证A500,300014,亿纬锂能,300014.SZ,6
csi_a500,中证A500,300015,爱尔眼科,300015.SZ,6
csi_a500,中证A500,300017,网宿科技,300017.SZ,6
csi_a500,中证A500,300024,机器人,300024.SZ,6
csi_a500,中证A500,300033,同花顺,300033.SZ,6
csi_a500,中证A500,300037,新宙邦,300037.SZ,6
csi_a500,中证A500,300049,福瑞医科,300049.SZ,6
csi_a500,中证A500,300054,鼎龙股份,300054.SZ,6
csi_a500,中证A500,300058,蓝色光标,300058.SZ,6
csi_a500,中证A500,300059,东方财富,300059.SZ,6
csi_a500,中证A500,300070,碧水源,300070.SZ,6
csi_a500,中证A500,300073,当升科技,300073.SZ,6
csi_a500,中证A500,300083,创世纪,300083.SZ,6
csi_a500,中证A500,300100,双林股份,300100.SZ,6
csi_a500,中证A500,300115,长盈精密,300115.SZ,6
csi_a500,中证A500,300118,东方日升,300118.SZ,6
csi_a500,中证A500,300122,智飞生物,300122.SZ,6
csi_a500,中证A500,300124,汇川技术,300124.SZ,6
csi_a500,中证A500,300136,信维通信,300136.SZ,6
csi_a500,中证A500,300142,沃森生物,300142.SZ,6
csi_a500,中证A500,300144,宋城演艺,300144.SZ,6
csi_a500,中证A500,300207,欣旺达,300207.SZ,6
csi_a500,中证A500,300223,北京君正,300223.SZ,6
csi_a500,中证A500,300251,光线传媒,300251.SZ,6
csi_a500,中证A500,300274,阳光电源,300274.SZ,6
csi_a500,中证A500,300308,中际旭创,300308.SZ,6
csi_a500,中证A500,300316,晶盛机电,300316.SZ,6
csi_a500,中证A500,300339,润和软件,300339.SZ,6
csi_a500,中证A500,300342,天银机电,300342.SZ,6
csi_a500,中证A500,300346,南大光电,300346.SZ,6
csi_a500,中证A500,300347,泰格医药,300347.SZ,6
csi_a500,中证A500,300390,天华新能,300390.SZ,6
csi_a500,中证A500,300394,天孚通信,300394.SZ,6
csi_a500,中证A500,300395,菲利华,300395.SZ,6
csi_a500,中证A500,300408,三环集团,300408.SZ,6
csi_a500,中证A500,300409,道氏技术,300409.SZ,6
csi_a500,中证A500,300418,昆仑万维,300418.SZ,6
csi_a500,中证A500,300432,富临精工,300432.SZ,6
csi_a500,中证A500,300433,蓝思科技,300433.SZ,6
csi_a500,中证A500,300438,鹏辉能源,300438.SZ,6
csi_a500,中证A500,300442,润泽科技,300442.SZ,6
csi_a500,中证A500,300450,先导智能,300450.SZ,6
csi_a500,中证A500,300454,深信服,300454.SZ,6
csi_a500,中证A500,300457,赢合科技,300457.SZ,6
csi_a500,中证A500,300458,全志科技,300458.SZ,6
csi_a500,中证A500,300474,景嘉微,300474.SZ,6
csi_a500,中证A500,300475,香农芯创,300475.SZ,6
csi_a500,中证A500,300476,胜宏科技,300476.SZ,6
csi_a500,中证A500,300496,中科创达,300496.SZ,6
csi_a500,中证A500,300502,新易盛,300502.SZ,6
csi_a500,中证A500,300558,贝达药业,300558.SZ,6
csi_a500,中证A500,300567,精测电子,300567.SZ,6
csi_a500,中证A500,300568,星源材质,300568.SZ,6
csi_a500,中证A500,300573,兴齐眼药,300573.SZ,6
csi_a500,中证A500,300601,康泰生物,300601.SZ,6
csi_a500,中证A500,300604,长川科技,300604.SZ,6
csi_a500,中证A500,300661,圣邦股份,300661.SZ,6
csi_a500,中证A500,300676,华大基因,300676.SZ,6
csi_a500,中证A500,300677,英科医疗,300677.SZ,6
csi_a500,中证A500,300699,光威复材,300699.SZ,6
csi_a500,中证A500,300724,捷佳伟创,300724.SZ,6
csi_a500,中证A500,300748,金力永磁,300748.SZ,6
csi_a500,中证A500,300750,宁德时代,300750.SZ,6
csi_a500,中证A500,300751,迈为股份,300751.SZ,6
csi_a500,中证A500,300757,罗博特科,300757.SZ,6
csi_a500,中证A500,300759,康龙化成,300759.SZ,6
csi_a500,中证A500,300760,迈瑞医疗,300760.SZ,6
csi_a500,中证A500,300763,锦浪科技,300763.SZ,6
csi_a500,中证A500,300782,卓胜微,300782.SZ,6
csi_a500,中证A500,300803,指南针,300803.SZ,6
csi_a500,中证A500,300832,新产业,300832.SZ,6
csi_a500,中证A500,300857,协创数据,300857.SZ,6
csi_a500,中证A500,300866,安克创新,300866.SZ,6
csi_a500,中证A500,300896,爱美客,300896.SZ,6
csi_a500,中证A500,300919,中伟新材,300919.SZ,6
csi_a500,中证A500,300972,万辰集团,300972.SZ,6
csi_a500,中证A500,301078,孩子王,301078.SZ,6
csi_a500,中证A500,301236,软通动力,301236.SZ,6
csi_a500,中证A500,301308,江波龙,301308.SZ,6
csi_a500,中证A500,301358,湖南裕能,301358.SZ,6
csi_a500,中证A500,301550,斯菱智驱,301550.SZ,6
csi_a500,中证A500,302132,中航成飞,302132.SZ,6
csi_a500,中证A500,600000,浦发银行,600000.SH,6
csi_a500,中证A500,600004,白云机场,600004.SH,6
csi_a500,中证A500,600008,首创环保,600008.SH,6
csi_a500,中证A500,600009,上海机场,600009.SH,6
csi_a500,中证A500,600010,包钢股份,600010.SH,6
csi_a500,中证A500,600011,华能国际,600011.SH,6
csi_a500,中证A500,600018,上港集团,600018.SH,6
csi_a500,中证A500,600019,宝钢股份,600019.SH,6
csi_a500,中证A500,600026,中远海能,600026.SH,6
csi_a500,中证A500,600028,中国石化,600028.SH,6
csi_a500,中证A500,600029,南方航空,600029.SH,6
csi_a500,中证A500,600030,中信证券,600030.SH,6
csi_a500,中证A500,600031,三一重工,600031.SH,6
csi_a500,中证A500,600036,招商银行,600036.SH,6
csi_a500,中证A500,600038,中直股份,600038.SH,6
csi_a500,中证A500,600039,四川路桥,600039.SH,6
csi_a500,中证A500,600048,保利发展,600048.SH,6
csi_a500,中证A500,600050,中国联通,600050.SH,6
csi_a500,中证A500,600064,南京高科,600064.SH,6
csi_a500,中证A500,600066,宇通客车,600066.SH,6
csi_a500,中证A500,600085,同仁堂,600085.SH,6
csi_a500,中证A500,600089,特变电工,600089.SH,6
csi_a500,中证A500,600096,云天化,600096.SH,6
csi_a500,中证A500,600104,上汽集团,600104.SH,6
csi_a500,中证A500,600111,北方稀土,600111.SH,6
csi_a500,中证A500,600115,中国东航,600115.SH,6
csi_a500,中证A500,600118,中国卫星,600118.SH,6
csi_a500,中证A500,600141,兴发集团,600141.SH,6
csi_a500,中证A500,600143,金发科技,600143.SH,6
csi_a500,中证A500,600150,中国船舶,600150.SH,6
csi_a500,中证A500,600153,建发股份,600153.SH,6
csi_a500,中证A500,600157,永泰能源,600157.SH,6
csi_a500,中证A500,600160,巨化股份,600160.SH,6
csi_a500,中证A500,600161,天坛生物,600161.SH,6
csi_a500,中证A500,600166,福田汽车,600166.SH,6
csi_a500,中证A500,600170,上海建工,600170.SH,6
csi_a500,中证A500,600176,中国巨石,600176.SH,6
csi_a500,中证A500,600177,雅戈尔,600177.SH,6
csi_a500,中证A500,600183,生益科技,600183.SH,6
csi_a500,中证A500,600196,复星医药,600196.SH,6
csi_a500,中证A500,600208,衢州发展,600208.SH,6
csi_a500,中证A500,600219,南山铝业,600219.SH,6
csi_a500,中证A500,600221,海航控股,600221.SH,6
csi_a500,中证A500,600226,亨通股份,600226.SH,6
csi_a500,中证A500,600233,圆通速递,600233.SH,6
csi_a500,中证A500,600258,首旅酒店,600258.SH,6
csi_a500,中证A500,600276,恒瑞医药,600276.SH,6
csi_a500,中证A500,600309,万华化学,600309.SH,6
csi_a500,中证A500,600312,平高电气,600312.SH,6
csi_a500,中证A500,600316,洪都航空,600316.SH,6
csi_a500,中证A500,600323,瀚蓝环境,600323.SH,6
csi_a500,中证A500,600325,华发股份,600325.SH,6
csi_a500,中证A500,600332,白云山,600332.SH,6
csi_a500,中证A500,600346,恒力石化,600346.SH,6
csi_a500,中证A500,600352,浙江龙盛,600352.SH,6
csi_a500,中证A500,600362,江西铜业,600362.SH,6
csi_a500,中证A500,600372,中航机载,600372.SH,6
csi_a500,中证A500,600392,盛和资源,600392.SH,6
csi_a500,中证A500,600398,海澜之家,600398.SH,6
csi_a500,中证A500,600406,国电南瑞,600406.SH,6
csi_a500,中证A500,600415,小商品城,600415.SH,6
csi_a500,中证A500,600418,江淮汽车,600418.SH,6
csi_a500,中证A500,600426,华鲁恒升,600426.SH,6
csi_a500,中证A500,600436,片仔癀,600436.SH,6
csi_a500,中证A500,600438,通威股份,600438.SH,6
csi_a500,中证A500,600460,士兰微,600460.SH,6
csi_a500,中证A500,600482,中国动力,600482.SH,6
csi_a500,中证A500,600486,扬农化工,600486.SH,6
csi_a500,中证A500,600487,亨通光电,600487.SH,6
csi_a500,中证A500,600489,中金黄金,600489.SH,6
csi_a500,中证A500,600497,驰宏锌锗,600497.SH,6
csi_a500,中证A500,600499,科达制造,600499.SH,6
csi_a500,中证A500,600511,国药股份,600511.SH,6
csi_a500,中证A500,600515,海南机场,600515.SH,6
csi_a500,中证A500,600516,方大炭素,600516.SH,6
csi_a500,中证A500,600519,贵州茅台,600519.SH,6
csi_a500,中证A500,600521,华海药业,600521.SH,6
csi_a500,中证A500,600522,中天科技,600522.SH,6
csi_a500,中证A500,600529,山东药玻,600529.SH,6
csi_a500,中证A500,600535,天士力,600535.SH,6
csi_a500,中证A500,600547,山东黄金,600547.SH,6
csi_a500,中证A500,600549,厦门钨业,600549.SH,6
csi_a500,中证A500,600570,恒生电子,600570.SH,6
csi_a500,中证A500,600580,卧龙电驱,600580.SH,6
csi_a500,中证A500,600584,长电科技,600584.SH,6
csi_a500,中证A500,600585,海螺水泥,600585.SH,6
csi_a500,中证A500,600588,用友网络,600588.SH,6
csi_a500,中证A500,600635,大众公用,600635.SH,6
csi_a500,中证A500,600655,豫园股份,600655.SH,6
csi_a500,中证A500,600660,福耀玻璃,600660.SH,6
csi_a500,中证A500,600663,陆家嘴,600663.SH,6
csi_a500,中证A500,600667,太极实业,600667.SH,6
csi_a500,中证A500,600673,东阳光,600673.SH,6
csi_a500,中证A500,600674,川投能源,600674.SH,6
csi_a500,中证A500,600690,海尔智家,600690.SH,6
csi_a500,中证A500,600699,均胜电子,600699.SH,6
csi_a500,中证A500,600704,物产中大,600704.SH,6
csi_a500,中证A500,600711,盛屯矿业,600711.SH,6
csi_a500,中证A500,600741,华域汽车,600741.SH,6
csi_a500,中证A500,600754,锦江酒店,600754.SH,6
csi_a500,中证A500,600760,中航沈飞,600760.SH,6
csi_a500,中证A500,600763,通策医疗,600763.SH,6
csi_a500,中证A500,600765,中航重机,600765.SH,6
csi_a500,中证A500,600795,国电电力,600795.SH,6
csi_a500,中证A500,600803,新奥股份,600803.SH,6
csi_a500,中证A500,600816,建元信托,600816.SH,6
csi_a500,中证A500,600820,隧道股份,600820.SH,6
csi_a500,中证A500,600839,四川长虹,600839.SH,6
csi_a500,中证A500,600859,王府井,600859.SH,6
csi_a500,中证A500,600862,中航高科,600862.SH,6
csi_a500,中证A500,600864,哈投股份,600864.SH,6
csi_a500,中证A500,600875,东方电气,600875.SH,6
csi_a500,中证A500,600879,航天电子,600879.SH,6
csi_a500,中证A500,600885,宏发股份,600885.SH,6
csi_a500,中证A500,600886,国投电力,600886.SH,6
csi_a500,中证A500,600887,伊利股份,600887.SH,6
csi_a500,中证A500,600893,航发动力,600893.SH,6
csi_a500,中证A500,600895,张江高科,600895.SH,6
csi_a500,中证A500,600900,长江电力,600900.SH,6
csi_a500,中证A500,600905,三峡能源,600905.SH,6
csi_a500,中证A500,600938,中国海油,600938.SH,6
csi_a500,中证A500,600941,中国移动,600941.SH,6
csi_a500,中证A500,600988,赤峰黄金,600988.SH,6
csi_a500,中证A500,600989,宝丰能源,600989.SH,6
csi_a500,中证A500,600998,九州通,600998.SH,6
csi_a500,中证A500,601000,唐山港,601000.SH,6
csi_a500,中证A500,601006,大秦铁路,601006.SH,6
csi_a500,中证A500,601012,隆基绿能,601012.SH,6
csi_a500,中证A500,601018,宁波港,601018.SH,6
csi_a500,中证A500,601021,春秋航空,601021.SH,6
csi_a500,中证A500,601058,赛轮轮胎,601058.SH,6
csi_a500,中证A500,601088,中国神华,601088.SH,6
csi_a500,中证A500,601100,恒立液压,601100.SH,6
csi_a500,中证A500,601111,中国国航,601111.SH,6
csi_a500,中证A500,601117,中国化学,601117.SH,6
csi_a500,中证A500,601127,赛力斯,601127.SH,6
csi_a500,中证A500,601155,新城控股,601155.SH,6
csi_a500,中证A500,601166,兴业银行,601166.SH,6
csi_a500,中证A500,601168,西部矿业,601168.SH,6
csi_a500,中证A500,601179,中国西电,601179.SH,6
csi_a500,中证A500,601186,中国铁建,601186.SH,6
csi_a500,中证A500,601211,国泰海通,601211.SH,6
csi_a500,中证A500,601216,君正集团,601216.SH,6
csi_a500,中证A500,601225,陕西煤业,601225.SH,6
csi_a500,中证A500,601233,桐昆股份,601233.SH,6
csi_a500,中证A500,601238,广汽集团,601238.SH,6
csi_a500,中证A500,601288,农业银行,601288.SH,6
csi_a500,中证A500,601318,中国平安,601318.SH,6
csi_a500,中证A500,601319,中国人保,601319.SH,6
csi_a500,中证A500,601328,交通银行,601328.SH,6
csi_a500,中证A500,601360,三六零,601360.SH,6
csi_a500,中证A500,601390,中国中铁,601390.SH,6
csi_a500,中证A500,601398,工商银行,601398.SH,6
csi_a500,中证A500,601567,三星电气,601567.SH,6
csi_a500,中证A500,601600,中国铝业,601600.SH,6
csi_a500,中证A500,601601,中国太保,601601.SH,6
csi_a500,中证A500,601607,上海医药,601607.SH,6
csi_a500,中证A500,601615,明阳智能,601615.SH,6
csi_a500,中证A500,601618,中国中冶,601618.SH,6
csi_a500,中证A500,601628,中国人寿,601628.SH,6
csi_a500,中证A500,601633,长城汽车,601633.SH,6
csi_a500,中证A500,601658,邮储银行,601658.SH,6
csi_a500,中证A500,601668,中国建筑,601668.SH,6
csi_a500,中证A500,601669,中国电建,601669.SH,6
csi_a500,中证A500,601677,明泰铝业,601677.SH,6
csi_a500,中证A500,601689,拓普集团,601689.SH,6
csi_a500,中证A500,601727,上海电气,601727.SH,6
csi_a500,中证A500,601728,中国电信,601728.SH,6
csi_a500,中证A500,601766,中国中车,601766.SH,6
csi_a500,中证A500,601799,星宇股份,601799.SH,6
csi_a500,中证A500,601800,中国交建,601800.SH,6
csi_a500,中证A500,601816,京沪高铁,601816.SH,6
csi_a500,中证A500,601857,中国石油,601857.SH,6
csi_a500,中证A500,601866,中远海发,601866.SH,6
csi_a500,中证A500,601868,中国能建,601868.SH,6
csi_a500,中证A500,601872,招商轮船,601872.SH,6
csi_a500,中证A500,601877,正泰电器,601877.SH,6
csi_a500,中证A500,601880,辽港股份,601880.SH,6
csi_a500,中证A500,601888,中国中免,601888.SH,6
csi_a500,中证A500,601899,紫金矿业,601899.SH,6
csi_a500,中证A500,601919,中远海控,601919.SH,6
csi_a500,中证A500,601985,中国核电,601985.SH,6
csi_a500,中证A500,601988,中国银行,601988.SH,6
csi_a500,中证A500,603019,中科曙光,603019.SH,6
csi_a500,中证A500,603087,甘李药业,603087.SH,6
csi_a500,中证A500,603129,春风动力,603129.SH,6
csi_a500,中证A500,603259,药明康德,603259.SH,6
csi_a500,中证A500,603260,合盛硅业,603260.SH,6
csi_a500,中证A500,603288,海天味业,603288.SH,6
csi_a500,中证A500,603392,万泰生物,603392.SH,6
csi_a500,中证A500,603486,科沃斯,603486.SH,6
csi_a500,中证A500,603501,豪威集团,603501.SH,6
csi_a500,中证A500,603568,伟明环保,603568.SH,6
csi_a500,中证A500,603596,伯特利,603596.SH,6
csi_a500,中证A500,603605,珀莱雅,603605.SH,6
csi_a500,中证A500,603606,东方电缆,603606.SH,6
csi_a500,中证A500,603650,彤程新材,603650.SH,6
csi_a500,中证A500,603659,璞泰来,603659.SH,6
csi_a500,中证A500,603766,隆鑫通用,603766.SH,6
csi_a500,中证A500,603799,华友钴业,603799.SH,6
csi_a500,中证A500,603806,福斯特,603806.SH,6
csi_a500,中证A500,603816,顾家家居,603816.SH,6
csi_a500,中证A500,603833,欧派家居,603833.SH,6
csi_a500,中证A500,603885,吉祥航空,603885.SH,6
csi_a500,中证A500,603899,晨光股份,603899.SH,6
csi_a500,中证A500,603939,益丰药房,603939.SH,6
csi_a500,中证A500,603979,金诚信,603979.SH,6
csi_a500,中证A500,603986,兆易创新,603986.SH,6
csi_a500,中证A500,603993,洛阳钼业,603993.SH,6
csi_a500,中证A500,605090,九丰能源,605090.SH,6
csi_a500,中证A500,605117,德业股份,605117.SH,6
csi_a500,中证A500,605499,东鹏饮料,605499.SH,6
csi_a500,中证A500,605589,圣泉集团,605589.SH,6
csi_a500,中证A500,688002,睿创微纳,688002.SH,6
csi_a500,中证A500,688005,容百科技,688005.SH,6
csi_a500,中证A500,688008,澜起科技,688008.SH,6
csi_a500,中证A500,688009,中国通号,688009.SH,6
csi_a500,中证A500,688012,中微公司,688012.SH,6
csi_a500,中证A500,688017,绿的谐波,688017.SH,6
csi_a500,中证A500,688036,传音控股,688036.SH,6
csi_a500,中证A500,688041,海光信息,688041.SH,6
csi_a500,中证A500,688047,龙芯中科,688047.SH,6
csi_a500,中证A500,688063,派能科技,688063.SH,6
csi_a500,中证A500,688065,凯赛生物,688065.SH,6
csi_a500,中证A500,688072,拓荆科技,688072.SH,6
csi_a500,中证A500,688099,晶晨股份,688099.SH,6
csi_a500,中证A500,688111,金山办公,688111.SH,6
csi_a500,中证A500,688114,华大智造,688114.SH,6
csi_a500,中证A500,688116,天奈科技,688116.SH,6
csi_a500,中证A500,688120,华海清科,688120.SH,6
csi_a500,中证A500,688122,西部超导,688122.SH,6
csi_a500,中证A500,688126,沪硅产业,688126.SH,6
csi_a500,中证A500,688166,博瑞医药,688166.SH,6
csi_a500,中证A500,688169,石头科技,688169.SH,6
csi_a500,中证A500,688180,君实生物,688180.SH,6
csi_a500,中证A500,688188,柏楚电子,688188.SH,6
csi_a500,中证A500,688213,思特威,688213.SH,6
csi_a500,中证A500,688223,晶科能源,688223.SH,6
csi_a500,中证A500,688235,百济神州,688235.SH,6
csi_a500,中证A500,688256,寒武纪,688256.SH,6
csi_a500,中证A500,688266,泽璟制药,688266.SH,6
csi_a500,中证A500,688271,联影医疗,688271.SH,6
csi_a500,中证A500,688303,大全能源,688303.SH,6
csi_a500,中证A500,688331,荣昌生物,688331.SH,6
csi_a500,中证A500,688347,华虹宏力,688347.SH,6
csi_a500,中证A500,688390,固德威,688390.SH,6
csi_a500,中证A500,688396,华润微,688396.SH,6
csi_a500,中证A500,688469,芯联集成,688469.SH,6
csi_a500,中证A500,688472,阿特斯,688472.SH,6
csi_a500,中证A500,688498,源杰科技,688498.SH,6
csi_a500,中证A500,688506,百利天恒,688506.SH,6
csi_a500,中证A500,688521,芯原股份,688521.SH,6
csi_a500,中证A500,688525,佰维存储,688525.SH,6
csi_a500,中证A500,688578,艾力斯,688578.SH,6
csi_a500,中证A500,688599,天合光能,688599.SH,6
csi_a500,中证A500,688608,恒玄科技,688608.SH,6
csi_a500,中证A500,688617,惠泰医疗,688617.SH,6
csi_a500,中证A500,688676,金盘科技,688676.SH,6
csi_a500,中证A500,688777,中控技术,688777.SH,6
csi_a500,中证A500,688981,中芯国际,688981.SH,6
